,Temperature,Humidity,PM2.5,PM10,NO2,SO2,CO,Proximity_to_Industrial_Areas,Population_Density
0,24.9,45.7,3.1,9.4,18.8,7.0,1.08,10.3,275
1,26.2,64.8,3.2,11.1,24.5,8.6,0.89,10.3,427
2,23.6,66.3,10.2,20.6,18.0,8.4,1.64,5.5,581
3,30.8,47.2,28.0,33.6,28.4,14.6,1.27,5.3,316
4,23.2,71.3,8.2,13.1,25.7,8.1,1.04,10.5,218
5,28.9,75.0,17.8,26.6,20.0,17.2,1.53,6.9,346
6,23.5,67.0,1.8,6.8,19.6,4.0,1.07,10.8,320
7,26.1,63.1,15.8,19.1,22.7,4.6,0.89,10.5,249
8,35.5,79.5,19.1,40.9,41.3,5.0,2.0,7.0,650
9,27.7,70.0,28.1,31.1,23.0,7.5,0.98,10.0,538
10,29.5,58.6,6.1,17.5,32.6,17.0,1.19,5.0,311
11,30.7,77.7,36.5,46.0,24.2,9.1,1.5,6.5,345
12,23.7,50.0,13.4,22.0,21.2,16.8,2.07,8.1,588
13,22.4,50.0,15.7,21.1,16.0,5.7,1.06,13.4,433
14,23.5,74.6,4.0,7.4,25.3,6.6,1.12,11.2,239
15,30.8,85.5,18.6,44.4,31.0,8.1,2.25,4.0,770
16,45.4,104.0,25.0,22.8,36.7,24.0,2.5,10.5,467
17,31.0,72.1,1.5,17.4,28.5,5.9,1.7,5.1,332
18,31.0,69.1,15.4,29.6,24.8,5.7,1.62,6.2,704
19,40.1,88.5,1.3,13.3,35.7,18.2,2.2,6.6,453
20,32.9,66.0,7.6,11.9,22.8,11.4,1.67,6.9,686
21,29.6,75.1,6.1,14.0,25.6,9.5,1.52,8.2,649
22,22.8,66.4,9.3,12.7,13.9,4.0,0.87,10.7,579
23,41.9,75.7,0.7,19.2,43.8,19.6,2.7,2.8,771
24,34.4,95.4,76.0,95.5,20.8,13.0,2.78,6.2,657
25,19.9,46.2,15.4,22.1,17.9,7.8,1.07,16.9,568
26,27.6,57.9,0.3,8.8,12.9,5.1,1.08,10.2,265
27,24.6,76.2,19.7,25.0,20.5,9.2,0.95,10.3,400
28,36.1,100.5,100.9,108.5,33.1,14.8,2.09,5.0,769
29,48.6,83.7,75.8,98.3,52.7,17.1,2.02,3.6,843
30,22.3,53.9,28.5,47.9,30.2,12.6,1.44,5.9,614
31,38.7,71.8,2.1,20.3,54.4,9.9,2.99,8.6,625
32,30.8,92.2,50.1,67.5,25.3,23.5,2.41,7.0,573
33,25.4,65.3,30.5,34.7,21.9,5.2,1.41,10.8,527
34,29.2,70.2,9.6,14.3,21.9,3.8,1.03,11.1,262
35,25.2,60.0,6.8,12.0,25.3,3.8,1.02,11.2,509
36,19.0,77.1,7.9,11.1,14.2,1.7,1.0,13.8,199
37,26.0,45.1,24.7,28.7,21.4,1.9,1.12,11.9,397
38,28.4,51.8,8.3,16.6,20.4,2.4,0.98,11.0,549
39,34.5,74.3,6.3,22.0,33.5,18.0,1.91,4.7,568
40,24.9,61.5,11.5,14.6,25.8,4.9,1.0,10.9,336
41,31.7,52.1,24.3,30.1,15.3,6.0,0.91,13.8,418
42,22.5,65.5,0.8,8.2,13.3,4.7,1.07,10.3,526
43,24.6,49.7,25.1,26.5,16.4,7.9,1.22,11.2,236
44,23.1,63.6,9.9,15.5,18.1,3.9,0.98,15.0,205
45,29.6,54.1,9.8,20.3,28.7,15.3,1.39,9.8,690
46,27.3,53.4,6.7,13.6,24.0,6.7,0.99,10.6,208
47,22.5,59.8,0.7,12.6,30.5,5.2,1.37,8.8,718
48,27.3,62.8,2.4,5.1,14.2,2.7,1.02,10.6,538
49,25.2,75.4,7.6,14.2,30.4,2.9,1.46,6.0,536
50,32.8,99.6,2.2,8.0,33.6,21.5,1.92,5.5,664
51,41.9,68.4,15.5,26.3,29.2,18.5,1.4,4.5,387
52,34.8,88.8,12.6,30.8,25.3,8.4,1.49,8.7,431
53,29.8,90.6,5.0,34.0,35.8,9.8,1.78,10.6,492
54,26.5,84.8,47.4,59.2,25.7,7.4,1.49,6.4,471
55,49.6,91.0,7.6,26.6,42.3,5.7,2.22,3.0,748
56,26.7,70.2,51.1,56.7,32.8,5.4,1.42,6.3,592
57,34.0,73.8,7.0,27.4,20.7,26.9,2.03,3.4,749
58,36.3,57.5,15.0,34.4,36.2,17.1,2.36,3.7,446
59,28.9,70.9,33.0,38.7,13.7,4.1,0.89,11.0,486
60,28.3,77.3,13.0,21.6,33.2,9.3,1.77,7.5,542
61,36.4,99.6,56.6,65.3,30.6,21.2,2.9,4.4,699
62,34.4,65.0,21.5,34.5,24.3,10.3,1.57,8.6,583
63,24.1,55.9,32.3,39.5,14.8,2.7,1.13,17.4,567
64,35.5,55.7,41.5,52.6,37.1,8.7,1.17,9.2,546
65,23.8,77.4,5.1,10.1,13.0,7.9,0.84,10.1,315
66,22.4,66.0,24.6,32.1,20.6,6.2,0.8,11.2,257
67,26.1,62.1,18.2,26.6,19.8,8.0,1.88,5.1,629
68,21.9,49.8,11.2,16.3,24.9,8.5,1.12,12.6,507
69,27.8,42.0,20.7,24.5,18.2,2.9,0.89,13.2,253
70,25.7,41.1,2.4,9.2,13.4,4.9,1.01,15.8,544
71,23.8,62.8,27.0,40.5,29.6,3.6,1.74,6.5,417
72,39.1,73.5,69.8,82.4,33.6,19.4,1.88,3.6,557
73,28.3,72.7,4.7,8.4,13.2,5.8,0.94,10.5,246
74,26.2,79.1,28.3,31.9,21.7,7.6,0.93,11.1,230
75,24.2,41.9,14.0,18.5,24.5,6.8,1.01,10.4,361
76,29.3,80.3,99.6,112.3,22.8,12.5,1.46,6.6,486
77,47.0,95.3,3.0,23.4,36.3,24.4,2.4,3.4,582
78,34.9,57.0,10.2,23.2,21.0,5.3,1.59,8.1,612
79,26.4,75.1,3.5,8.5,25.1,2.1,0.96,13.4,543
80,22.5,58.3,25.8,32.3,26.9,3.3,0.97,10.3,501
81,24.0,62.2,4.4,5.9,28.8,7.6,1.07,12.3,528
82,18.6,66.2,6.2,11.5,15.9,4.7,1.13,12.1,448
83,29.0,67.2,14.9,20.0,24.3,6.5,0.84,10.2,524
84,40.5,83.3,8.8,30.9,22.9,14.1,2.11,8.6,757
85,25.0,68.8,0.4,5.6,14.1,5.1,0.94,10.4,595
86,25.1,48.3,46.2,56.6,17.7,6.5,1.8,7.3,353
87,32.6,83.8,5.5,13.0,30.8,12.2,1.73,7.2,363
88,29.2,45.3,10.3,17.7,21.6,6.8,0.92,11.1,219
89,22.0,58.4,17.9,21.6,12.3,6.1,1.0,14.1,600
90,36.1,69.1,6.8,16.2,18.7,5.9,1.15,5.0,630
91,25.2,39.1,8.8,19.7,23.0,6.7,1.1,15.0,249
92,28.7,78.9,26.8,38.0,36.2,6.2,1.69,5.4,484
93,23.7,62.5,1.1,7.4,15.1,5.7,1.09,14.8,258
94,24.4,56.1,9.8,15.5,15.5,4.9,0.98,10.3,524
95,21.1,59.4,28.0,37.8,33.8,11.5,1.32,5.4,496
96,29.8,55.1,15.4,27.0,28.8,20.8,1.69,6.5,602
97,28.2,84.8,19.4,23.4,27.0,6.8,1.65,6.3,661
98,36.3,83.6,43.6,55.0,27.9,10.0,1.17,7.2,512
99,38.2,95.2,63.5,88.2,37.3,12.5,1.6,7.1,689
100,26.3,50.3,2.4,8.4,16.8,2.9,0.98,11.1,603
101,25.3,45.7,12.5,27.4,28.8,9.0,1.37,5.4,525
102,23.6,67.9,13.6,31.3,32.5,12.4,1.48,6.2,309
103,35.3,106.9,35.7,60.3,41.7,16.1,2.54,5.6,857
104,31.0,66.7,5.9,19.3,29.4,14.0,1.44,5.4,633
105,37.3,94.3,67.5,84.0,42.4,27.5,1.94,5.6,863
106,28.1,62.6,19.4,29.4,16.2,12.3,1.77,7.1,676
107,32.9,79.1,1.5,6.7,30.9,20.2,1.77,5.5,344
108,34.8,66.4,10.7,17.1,20.8,4.1,1.08,12.9,353
109,23.8,79.7,12.7,27.5,30.4,9.9,1.85,3.6,568
110,47.4,82.8,14.5,33.5,32.3,18.9,1.84,5.1,600
111,24.6,66.9,14.4,19.2,25.2,5.9,1.01,10.3,279
112,26.7,48.8,20.7,26.9,11.6,5.3,0.97,10.6,385
113,20.1,77.9,1.4,4.9,14.9,2.1,0.88,10.5,536
114,22.0,50.1,4.9,10.0,23.8,2.4,1.05,12.8,493
115,29.4,52.1,7.2,18.1,19.6,2.5,1.62,8.6,613
116,30.8,66.5,105.7,117.8,39.4,36.5,2.64,6.7,573
117,29.8,76.0,16.3,27.6,25.8,20.8,1.29,8.9,510
118,29.9,67.5,1.6,8.5,30.0,12.8,1.45,5.1,615
119,22.4,52.4,2.8,11.1,19.1,6.3,0.83,10.3,339
120,31.5,89.3,5.7,16.1,19.6,2.9,1.59,7.5,424
121,26.3,73.3,17.7,23.6,35.2,14.1,1.77,6.3,482
122,27.4,47.7,10.9,12.6,23.7,4.7,1.08,11.3,494
123,17.9,70.1,1.2,8.3,23.9,6.3,1.18,13.8,487
124,43.7,80.1,45.4,49.7,27.4,17.9,2.1,8.7,561
125,29.0,61.4,11.0,17.4,36.6,10.8,1.52,10.7,326
126,19.5,49.8,21.5,25.5,23.9,6.5,1.07,12.0,503
127,27.6,67.0,1.5,18.1,28.8,10.5,1.38,5.8,406
128,28.5,81.2,4.0,16.4,22.1,11.3,1.52,5.7,391
129,41.6,86.7,0.3,13.9,31.3,17.5,1.96,3.7,773
130,26.5,59.3,6.2,10.5,12.4,3.6,0.83,10.1,386
131,24.4,63.5,3.0,6.7,17.4,5.0,0.96,15.5,223
132,33.4,44.1,13.2,16.1,16.5,11.6,1.28,6.0,643
133,35.3,55.2,3.9,8.9,34.3,7.4,1.72,5.7,606
134,26.8,66.2,4.6,10.8,18.0,3.5,0.96,12.9,422
135,31.6,68.2,3.4,14.1,20.2,8.8,1.56,5.2,423
136,34.5,60.1,18.8,26.3,27.4,15.4,1.65,5.1,616
137,23.6,67.8,3.9,5.1,23.3,5.0,1.01,10.4,461
138,41.1,103.3,40.8,53.1,38.5,12.6,1.61,7.4,602
139,27.3,45.7,3.0,8.6,10.5,7.1,0.96,10.8,426
140,24.5,64.6,10.4,15.2,27.3,8.0,1.09,11.1,601
141,20.7,68.5,3.1,5.5,9.2,9.8,0.87,10.3,333
142,17.2,65.1,7.8,11.3,24.1,3.6,0.94,11.8,566
143,36.1,81.4,44.9,50.8,33.5,15.6,1.42,5.3,660
144,40.8,98.7,100.8,114.1,48.7,8.7,2.09,4.4,395
145,34.7,74.8,6.6,19.6,26.4,12.7,1.6,8.5,304
146,20.0,65.8,5.6,12.5,11.6,5.5,1.1,13.4,373
147,23.6,60.4,57.0,61.1,14.3,6.8,1.06,14.4,345
148,31.7,106.5,14.7,21.2,33.0,18.0,1.98,4.1,661
149,31.3,89.6,1.7,17.0,25.1,17.2,2.18,4.2,832
150,26.1,63.3,11.1,13.7,23.7,4.5,0.89,14.7,450
151,33.1,77.3,20.9,31.9,42.9,11.7,2.11,4.1,672
152,31.0,55.7,3.8,5.4,17.5,2.9,1.16,11.8,332
153,30.8,81.0,11.7,27.0,21.7,6.0,1.73,9.4,443
154,31.4,58.6,4.2,10.7,22.2,20.4,1.81,6.6,632
155,34.7,75.4,4.1,14.9,30.3,9.3,1.12,5.6,563
156,25.3,73.3,21.1,21.0,15.4,8.5,1.14,10.4,498
157,28.6,54.9,8.3,14.9,24.1,5.0,0.96,10.7,521
158,26.9,73.1,4.4,9.2,21.4,5.7,0.88,11.9,523
159,33.7,81.3,3.8,16.9,26.0,8.5,1.31,8.7,676
160,22.9,57.9,2.7,8.4,22.8,2.9,1.03,12.8,521
161,33.5,76.3,1.0,25.2,17.4,19.0,2.47,3.4,666
162,32.7,71.4,82.8,91.2,34.2,24.8,2.28,5.1,599
163,35.3,86.1,14.4,37.9,27.8,17.2,1.91,5.5,568
164,37.3,91.6,28.9,30.2,34.7,8.9,2.11,3.9,754
165,22.3,45.3,7.0,8.3,27.1,8.2,0.87,11.1,316
166,27.7,72.5,22.7,39.6,23.6,8.4,1.43,5.1,529
167,49.4,100.9,173.9,186.8,34.0,19.1,3.21,2.6,820
168,37.9,83.9,0.6,4.9,32.1,12.8,1.78,5.6,292
169,25.5,78.0,95.3,105.1,26.0,9.9,1.46,7.2,554
170,27.1,70.1,29.2,32.2,16.8,7.1,1.08,10.4,289
171,21.9,59.7,9.7,12.0,17.5,4.0,1.07,13.8,524
172,23.7,39.2,6.9,13.2,21.8,3.8,0.94,11.8,576
173,39.0,73.4,34.2,49.8,38.3,19.1,2.36,3.8,765
174,27.0,82.3,67.5,72.3,29.4,20.6,1.53,5.5,673
175,26.0,88.4,14.3,31.1,35.1,16.7,2.26,3.9,745
176,20.8,61.9,3.0,9.6,14.8,8.5,1.06,11.3,491
177,28.5,58.9,1.7,9.0,10.1,0.0,1.0,11.0,536
178,22.7,67.6,3.7,12.5,20.9,1.1,1.08,11.7,403
179,23.3,77.5,10.3,17.6,20.0,6.1,1.21,10.7,530
180,24.6,62.1,29.9,32.6,15.3,4.3,0.82,10.3,248
181,26.5,60.1,12.1,18.9,9.9,4.4,0.92,10.2,205
182,34.9,85.0,0.9,7.9,24.2,17.6,1.38,5.4,438
183,31.6,74.8,28.5,45.8,25.4,16.3,2.29,4.7,782
184,32.1,53.9,7.5,16.9,29.2,18.1,1.59,5.3,328
185,30.1,54.1,18.3,29.2,25.5,4.3,1.62,6.1,532
186,21.0,67.4,1.7,7.0,19.1,6.6,1.07,13.4,603
187,32.5,71.2,9.2,39.4,38.5,21.3,1.55,4.6,500
188,26.7,54.1,27.6,31.9,20.8,11.6,0.97,11.1,213
189,35.8,84.5,0.2,11.8,32.1,6.8,1.38,5.9,352
190,25.5,49.5,16.6,20.5,24.3,2.8,0.94,10.4,227
191,36.6,71.0,5.0,28.2,26.2,26.7,1.93,4.7,523
192,22.6,75.1,0.1,5.2,11.7,7.7,0.94,11.4,264
193,26.7,54.8,5.8,11.3,15.8,4.5,1.25,11.8,565
194,26.3,83.1,29.7,48.0,33.0,8.2,1.56,6.0,579
195,23.8,61.3,3.1,4.7,25.4,7.9,1.06,12.5,238
196,26.1,76.9,9.1,16.2,27.8,5.2,1.24,10.3,349
197,22.2,59.8,6.1,10.2,27.0,8.2,0.9,13.3,408
198,27.1,64.2,1.6,5.6,15.3,4.7,0.8,11.5,581
199,28.3,54.8,2.5,15.5,29.3,11.7,1.51,6.1,376
200,27.4,74.7,25.9,31.1,29.5,17.3,2.28,5.8,501
201,29.3,90.5,23.9,52.4,36.4,26.3,2.02,8.9,498
202,22.8,59.5,14.2,18.9,24.0,5.0,0.79,15.9,528
203,36.2,97.0,72.7,95.2,33.5,10.9,2.25,4.9,432
204,23.4,71.4,15.8,18.2,18.0,2.5,1.15,12.5,496
205,35.5,111.3,38.0,50.8,38.4,11.3,2.09,3.2,497
206,40.5,75.6,0.8,10.8,20.8,11.4,1.69,5.6,645
207,32.4,97.5,25.4,42.8,33.4,10.6,2.02,4.6,792
208,38.9,86.0,18.1,29.0,39.7,15.2,2.09,4.1,477
209,28.6,78.6,56.8,66.2,24.5,12.1,1.12,5.6,340
210,38.8,83.1,25.9,30.6,32.1,17.5,2.58,4.9,638
211,29.9,94.3,1.6,13.8,31.5,13.9,2.39,3.4,522
212,29.4,75.1,11.9,20.3,26.6,9.1,1.04,20.0,443
213,33.7,54.1,5.2,15.5,34.5,6.8,1.5,5.4,367
214,18.2,42.5,0.1,7.1,26.1,3.8,0.97,11.6,312
215,27.3,68.4,0.7,7.8,25.4,5.1,1.03,10.7,506
216,26.3,55.2,1.3,6.4,11.2,5.8,1.08,12.2,605
217,38.6,97.4,63.3,78.4,29.4,18.3,1.6,5.1,554
218,33.3,39.9,14.7,20.8,19.7,8.4,1.06,11.2,339
219,18.8,76.1,14.9,21.5,14.5,3.8,0.86,11.1,342
220,32.9,69.3,13.3,18.8,32.4,8.6,1.6,5.2,463
221,27.6,44.8,1.8,5.7,18.1,3.1,0.98,10.0,513
222,25.3,73.0,6.0,12.1,23.0,8.9,0.97,11.2,571
223,30.0,62.2,53.7,66.4,25.5,8.1,1.26,6.2,670
224,40.4,92.4,92.0,112.9,42.2,26.4,2.32,3.7,633
225,23.5,64.4,30.3,37.8,26.5,3.9,0.98,10.4,454
226,33.8,86.8,12.5,20.9,26.7,6.6,1.66,5.2,685
227,38.8,92.5,8.3,29.0,32.8,8.3,2.19,3.9,698
228,35.5,73.2,83.2,96.3,32.8,15.4,2.56,9.1,879
229,27.5,72.4,18.8,32.6,40.4,19.1,1.95,9.7,392
230,23.1,80.1,10.4,14.9,23.3,6.0,1.0,10.6,332
231,25.0,50.9,4.9,11.4,23.4,2.8,1.1,13.7,196
232,39.5,70.2,5.4,24.3,38.0,0.1,1.85,4.3,616
233,17.8,77.9,8.3,15.5,18.5,6.1,0.94,15.5,546
234,19.0,75.8,2.6,9.5,18.5,1.1,0.97,12.7,534
235,26.4,58.3,2.9,7.5,21.3,3.9,0.89,10.8,244
236,27.6,49.0,1.3,9.8,25.1,6.3,1.0,11.1,208
237,26.6,60.6,2.5,6.5,26.9,8.2,1.07,10.6,318
238,24.1,89.4,4.1,16.3,24.5,15.1,1.37,8.5,298
239,30.8,81.7,23.3,36.4,26.5,21.6,1.49,5.8,546
240,37.5,38.8,42.3,57.3,24.6,17.1,1.58,8.8,377
241,20.0,74.9,8.2,15.3,21.1,6.2,1.04,11.7,242
242,35.6,70.9,18.5,44.0,43.3,12.5,1.71,5.0,484
243,36.9,65.3,55.3,60.3,42.4,14.9,1.77,3.9,613
244,25.5,88.7,10.6,20.0,25.4,10.5,1.5,5.8,364
245,42.8,73.0,1.1,23.7,31.2,25.6,2.46,3.5,495
246,37.8,65.8,4.5,19.8,17.2,9.4,1.43,6.2,495
247,30.7,62.7,6.5,10.0,11.7,4.6,0.92,10.6,265
248,20.6,67.3,7.4,14.1,12.7,2.3,1.09,10.3,484
249,32.5,81.1,80.1,100.2,28.8,0.5,1.92,10.1,612
250,30.9,57.2,2.0,12.9,29.2,15.2,1.37,6.2,632
251,32.4,76.9,6.5,12.3,25.3,10.5,1.66,5.1,397
252,34.6,73.0,21.1,47.9,38.7,21.2,2.64,5.6,704
253,33.2,73.4,5.5,11.1,16.2,2.1,1.01,10.4,405
254,25.9,71.0,22.1,21.8,14.4,2.3,0.93,12.5,314
255,30.3,82.2,64.0,77.0,25.2,9.1,1.16,6.1,338
256,25.0,77.6,0.7,7.6,17.4,8.0,1.74,5.2,317
257,25.1,74.2,8.1,10.7,20.2,5.8,1.01,13.6,341
258,44.1,95.4,52.5,85.7,27.2,8.2,2.2,4.1,547
259,35.6,65.8,21.8,36.3,30.3,9.2,1.6,5.1,691
260,30.1,93.4,7.8,14.4,21.5,11.8,1.5,5.1,585
261,23.7,61.1,16.1,21.7,23.7,7.6,1.08,11.2,567
262,27.8,67.4,7.3,11.4,13.1,2.3,1.17,13.0,528
263,18.9,45.9,2.1,6.2,19.5,1.9,0.92,11.1,495
264,30.8,53.9,6.9,21.5,26.0,5.8,1.44,5.4,447
265,35.2,80.7,67.4,103.4,49.6,9.6,2.47,3.5,681
266,21.6,54.7,5.6,12.6,10.3,2.2,0.99,12.0,266
267,24.7,78.9,55.7,66.2,28.5,6.3,1.33,7.2,454
268,26.2,75.1,11.1,16.5,30.9,8.7,1.44,5.8,576
269,21.6,63.3,0.3,5.6,20.2,5.1,1.09,10.5,589
270,34.0,50.8,1.3,14.1,20.6,13.4,1.4,5.0,485
271,23.0,52.4,2.8,7.1,26.6,3.2,1.08,10.2,324
272,20.9,59.2,3.0,9.5,20.5,4.1,0.96,10.7,590
273,26.9,45.3,13.9,18.6,21.4,6.7,0.76,16.1,369
274,17.8,59.7,2.2,9.9,16.4,5.1,0.87,10.1,583
275,44.3,122.3,55.2,65.9,49.3,26.4,2.31,2.9,878
276,36.7,84.1,44.9,61.9,31.1,13.4,2.24,7.3,440
277,23.7,60.1,12.3,21.5,16.9,4.0,0.99,14.0,253
278,28.9,72.0,48.2,58.4,29.3,9.2,1.56,9.5,422
279,33.9,53.4,18.5,24.7,26.0,9.8,1.96,6.3,605
280,33.7,83.7,12.7,18.9,36.0,15.0,2.56,4.6,679
281,29.4,91.6,30.7,43.7,31.1,5.4,1.67,7.6,565
282,37.1,97.7,11.7,27.3,31.4,17.8,1.87,9.6,675
283,24.6,60.5,7.7,17.2,27.0,15.1,1.62,11.0,599
284,36.3,106.3,62.3,75.6,27.1,19.5,2.08,5.0,682
285,29.8,44.6,4.0,11.0,19.5,3.3,1.02,13.1,461
286,26.8,50.2,18.3,25.5,28.9,0.9,0.96,13.7,303
287,36.1,77.3,40.8,50.4,23.1,13.1,2.04,5.2,615
288,29.4,52.2,13.3,18.6,21.1,3.5,1.02,10.3,413
289,32.9,47.7,4.4,14.7,32.1,12.8,1.49,6.1,469
290,26.6,68.5,0.1,15.2,20.2,14.2,1.52,5.8,410
291,34.7,86.9,8.1,41.3,34.5,35.7,3.35,2.7,673
292,21.7,49.2,2.2,4.6,24.4,5.6,1.02,12.6,559
293,31.1,62.8,0.9,8.4,17.1,6.3,1.16,15.8,321
294,28.8,83.0,3.7,15.8,15.0,8.6,1.82,6.4,471
295,28.7,73.5,14.5,28.5,23.1,9.0,1.65,6.3,530
296,28.9,82.1,25.1,47.5,34.4,22.3,1.8,5.2,675
297,27.5,75.0,1.5,6.6,17.3,3.9,1.26,18.8,449
298,25.2,60.1,1.1,2.4,14.7,6.1,1.04,12.2,384
299,30.6,94.9,10.5,34.9,26.5,12.1,2.44,6.0,444
300,38.6,50.6,13.6,18.5,24.5,8.5,1.66,7.6,489
301,36.2,80.7,35.7,55.6,39.2,13.2,2.13,8.7,829
302,28.4,67.9,7.5,13.0,14.2,5.7,1.0,12.7,247
303,36.5,81.0,9.8,22.2,31.5,6.8,1.63,6.5,322
304,28.3,76.4,23.2,25.7,21.5,10.9,2.08,6.4,501
305,22.7,56.4,1.9,6.7,12.6,3.6,1.05,11.0,472
306,44.6,79.9,9.8,25.3,28.7,29.2,1.74,4.1,756
307,43.9,89.5,4.5,31.0,36.7,17.2,1.89,3.3,639
308,28.2,54.0,0.3,12.7,28.4,0.8,1.49,8.8,522
309,22.3,70.1,2.6,10.4,26.8,2.9,1.2,10.1,388
310,24.3,59.4,2.9,9.1,12.2,1.8,1.07,10.1,411
311,26.8,55.7,0.3,6.2,17.3,5.6,0.94,11.4,425
312,27.4,62.4,2.8,9.2,23.0,3.2,1.14,10.2,243
313,21.9,68.5,20.0,22.2,11.8,5.3,1.02,11.7,582
314,22.5,73.5,11.8,16.2,18.7,3.8,1.12,15.4,444
315,30.8,76.8,3.7,15.9,30.8,12.0,1.78,7.8,501
316,40.2,107.4,25.0,52.1,46.6,15.2,2.29,3.6,627
317,29.5,69.1,30.2,35.4,43.3,15.5,1.62,7.0,711
318,22.3,53.5,2.1,7.7,16.1,3.8,1.1,10.0,263
319,29.8,56.5,15.6,32.5,20.4,15.5,1.69,6.9,537
320,28.1,81.5,0.4,11.7,27.2,10.0,1.7,5.1,530
321,26.2,77.4,38.2,52.3,25.1,14.9,1.63,5.4,435
322,22.8,81.2,13.0,18.9,18.5,6.8,1.04,15.0,215
323,29.0,85.7,28.2,39.8,25.4,4.5,1.62,5.1,699
324,22.9,72.1,12.5,18.3,32.9,7.7,1.74,5.7,706
325,24.5,74.0,11.4,13.8,19.8,4.5,0.93,13.0,381
326,24.7,70.3,3.6,11.7,17.6,5.1,0.91,12.5,494
327,40.0,85.6,36.2,74.5,45.7,20.9,2.92,4.9,512
328,24.2,80.6,21.4,29.9,24.5,9.9,1.82,5.9,334
329,20.0,51.3,2.1,2.5,14.2,7.1,0.84,10.1,227
330,25.5,77.8,2.1,6.1,16.9,5.4,0.8,10.3,534
331,32.3,66.5,29.1,41.9,34.6,9.2,1.83,5.8,426
332,22.0,58.7,1.2,14.2,23.8,3.5,1.05,12.5,390
333,35.6,95.8,41.4,62.5,27.7,14.8,2.2,5.8,423
334,42.0,91.8,28.0,37.4,44.9,16.3,1.85,3.4,682
335,43.2,84.2,29.3,31.0,46.2,31.1,2.72,3.5,934
336,28.6,52.4,15.4,18.0,19.9,5.8,0.95,12.6,506
337,27.3,76.4,11.8,20.4,12.9,6.9,1.04,12.7,468
338,30.8,72.7,27.2,36.7,32.2,15.0,1.56,9.7,376
339,22.1,53.1,6.9,9.8,15.6,5.4,0.86,11.4,385
340,32.1,66.6,50.3,60.5,35.2,11.2,1.67,7.5,468
341,37.9,99.5,3.1,18.7,29.2,14.0,2.3,8.2,448
342,30.4,57.2,46.1,56.4,20.2,11.7,1.8,8.8,516
343,40.6,80.7,1.1,14.6,41.7,21.3,1.92,4.5,469
344,22.4,50.1,4.6,12.1,21.2,4.6,0.94,10.3,533
345,26.7,74.2,38.5,62.5,40.2,12.4,2.01,4.2,802
346,27.7,56.4,31.4,36.7,13.6,5.6,1.02,12.6,335
347,22.8,55.8,0.4,6.4,26.4,3.7,0.97,17.0,226
348,21.6,43.7,6.0,8.5,26.7,4.2,1.07,12.2,275
349,24.8,73.1,6.5,9.8,17.5,10.0,1.02,12.5,287
350,35.7,53.1,43.4,52.7,26.4,6.1,1.51,6.9,659
351,31.0,108.9,2.3,24.7,31.2,11.0,1.72,3.0,704
352,29.8,60.9,8.5,14.6,16.7,2.5,1.06,13.1,217
353,27.0,42.7,1.5,8.2,16.2,6.2,0.93,10.0,328
354,34.2,92.3,1.7,26.2,37.3,12.5,1.85,3.6,501
355,28.0,48.6,6.1,11.1,19.9,2.8,1.0,10.8,390
356,25.7,88.9,16.7,27.0,28.6,5.1,1.79,11.8,439
357,43.7,86.8,2.1,16.5,38.7,15.3,1.92,8.3,351
358,27.8,82.1,12.3,27.8,28.0,18.6,1.69,13.4,676
359,34.4,85.0,39.8,43.4,22.9,7.6,2.3,4.3,630
360,26.3,71.6,11.6,19.8,16.7,5.3,1.05,10.7,504
361,28.8,72.7,49.8,74.8,41.0,15.6,2.0,5.2,482
362,30.4,46.7,21.4,25.4,17.3,7.8,0.91,11.7,365
363,24.5,64.4,0.6,6.4,10.2,3.8,1.14,13.3,254
364,32.2,65.2,28.8,37.0,26.6,10.4,1.72,7.0,538
365,36.5,81.1,14.2,34.5,37.1,11.8,1.91,4.3,610
366,28.6,50.6,43.7,48.8,15.7,7.2,1.14,11.8,531
367,42.6,111.3,51.4,77.1,23.0,11.4,2.41,6.3,832
368,26.0,57.9,44.7,58.2,31.4,4.3,1.25,7.8,488
369,26.3,74.9,20.1,27.4,25.4,3.8,1.62,5.3,358
370,28.1,66.3,51.2,69.9,23.9,13.7,1.61,5.0,653
371,43.0,114.3,42.4,61.6,30.4,11.7,2.51,3.5,567
372,34.2,89.7,14.5,28.2,22.1,7.2,1.69,3.5,606
373,25.5,70.1,5.3,5.6,25.8,7.8,0.96,16.6,502
374,23.7,57.8,31.7,35.0,11.7,2.3,1.07,13.2,453
375,26.6,74.1,3.2,9.8,17.3,4.5,1.1,10.0,362
376,31.5,71.2,8.1,16.1,17.1,8.3,1.47,9.0,615
377,23.6,62.0,11.0,14.7,16.9,5.5,1.18,10.9,196
378,22.3,65.4,4.8,6.2,24.6,5.7,1.11,17.6,395
379,33.8,64.8,50.5,70.6,27.2,12.0,1.87,5.9,781
380,26.4,45.9,0.5,5.4,15.7,3.7,1.06,13.3,478
381,38.3,83.2,58.8,79.5,32.7,14.0,1.55,4.6,709
382,30.7,99.1,57.4,74.7,40.7,17.9,2.85,3.1,761
383,28.2,68.0,71.6,94.6,35.2,21.2,2.25,6.2,698
384,29.4,63.9,9.3,12.2,19.1,6.7,0.95,11.0,315
385,46.8,80.7,17.2,36.3,46.6,26.4,2.66,2.5,740
386,32.4,70.4,75.2,91.5,44.8,25.7,2.06,13.7,771
387,39.1,88.5,27.6,38.0,28.2,7.1,1.85,5.6,659
388,28.1,53.1,0.0,4.4,14.1,3.7,1.11,12.8,334
389,38.0,75.2,7.0,32.7,40.7,15.6,2.57,3.2,786
390,25.9,62.5,2.3,15.8,22.5,9.2,1.31,6.8,430
391,25.3,40.1,0.6,4.5,23.8,6.5,1.09,12.3,444
392,30.1,77.9,2.7,4.7,11.4,3.4,0.96,11.5,235
393,23.6,43.1,2.5,8.1,17.1,5.9,1.01,11.8,205
394,25.4,53.2,9.6,12.3,20.4,1.5,1.14,10.3,493
395,21.7,57.9,14.7,20.7,13.6,5.3,0.92,10.3,338
396,35.0,53.1,33.5,41.7,25.0,11.0,1.85,6.3,573
397,33.0,53.6,34.8,48.4,27.3,14.5,1.67,5.4,566
398,49.8,79.3,40.0,59.0,19.9,19.0,2.41,4.1,829
399,27.0,50.8,2.1,5.5,12.4,1.1,1.01,10.2,612
400,25.7,54.3,39.2,47.7,22.9,5.0,1.05,12.6,430
401,33.4,86.7,37.8,46.6,19.0,14.8,1.36,5.4,415
402,39.6,74.9,1.1,22.8,29.0,21.5,1.69,4.6,587
403,39.2,87.8,31.4,53.8,30.3,31.8,2.69,3.7,565
404,33.0,84.1,1.6,23.8,31.4,-3.4,2.1,4.3,493
405,23.8,40.2,8.8,12.3,27.9,6.9,1.0,11.1,317
406,36.2,84.0,4.2,16.3,26.7,5.7,1.75,14.6,640
407,35.7,79.1,38.0,55.5,25.6,17.0,2.75,2.8,821
408,25.3,62.8,3.3,12.6,19.7,5.4,0.95,13.1,305
409,23.4,68.9,14.2,18.2,18.4,6.7,0.93,10.7,265
410,32.1,62.6,47.9,59.1,30.0,7.9,1.48,7.1,414
411,22.9,45.9,4.4,9.3,12.6,5.9,1.01,10.1,223
412,38.1,73.2,37.7,85.4,33.0,20.4,2.49,5.7,727
413,23.8,70.2,7.0,8.2,25.3,8.6,1.07,10.4,267
414,35.9,81.3,8.7,29.6,48.1,36.2,2.68,6.5,583
415,29.2,40.9,15.4,20.0,27.1,2.9,1.04,11.1,438
416,41.6,81.7,0.9,21.9,59.3,10.5,2.07,2.9,633
417,37.7,76.3,15.4,15.2,22.0,13.0,1.02,6.2,386
418,28.5,45.9,1.5,5.9,23.7,3.2,0.89,12.8,483
419,19.1,54.7,9.4,15.5,16.9,4.7,0.92,10.3,531
420,33.0,101.7,26.9,27.1,39.6,14.3,2.87,10.1,908
421,23.6,80.8,2.6,8.3,22.9,4.3,0.97,10.5,509
422,28.8,72.9,11.0,13.4,25.7,11.0,1.29,6.5,364
423,37.1,105.9,2.5,17.2,28.3,14.5,1.63,5.5,501
424,22.2,79.3,39.8,49.8,22.4,5.6,1.49,5.5,351
425,28.9,52.9,59.1,77.8,41.6,18.4,2.05,8.8,601
426,30.0,59.7,59.3,68.8,22.1,7.4,1.39,5.1,412
427,28.9,87.5,13.4,37.1,34.3,8.9,1.9,8.0,612
428,37.7,66.9,53.6,69.5,40.3,23.4,1.39,4.3,458
429,37.6,81.0,11.8,29.5,39.5,22.3,2.32,3.8,616
430,29.7,70.4,6.0,8.6,17.4,3.2,1.42,8.5,586
431,32.5,64.6,5.5,13.3,29.7,11.6,1.74,5.5,485
432,36.2,56.8,27.1,35.3,30.8,8.1,1.47,5.7,388
433,26.7,65.0,1.3,8.7,22.5,4.4,1.05,10.5,208
434,18.5,60.0,20.8,22.7,24.0,6.7,0.89,11.8,541
435,36.6,59.5,12.9,20.4,33.3,9.1,1.41,5.7,588
436,36.9,63.1,25.6,34.4,22.9,10.9,1.31,5.3,646
437,34.5,77.7,6.2,7.1,25.6,8.9,1.71,8.1,500
438,28.9,91.1,12.3,22.6,29.5,6.3,1.21,6.3,351
439,33.6,63.7,4.7,13.0,24.8,2.7,1.46,6.5,368
440,27.9,104.7,7.3,17.6,28.4,17.3,2.43,5.0,505
441,21.5,51.7,5.2,11.1,22.5,3.9,0.87,11.7,497
442,30.9,98.0,78.8,93.2,27.2,10.7,1.73,5.6,472
443,23.8,72.4,2.9,9.6,23.0,3.5,0.95,10.9,384
444,33.5,77.4,14.6,23.4,29.4,7.5,1.59,6.1,480
445,24.2,69.8,4.9,9.5,18.5,3.3,1.03,16.0,423
446,31.3,68.9,31.4,32.5,32.7,6.6,1.65,8.0,489
447,28.2,86.1,47.1,62.3,36.7,11.3,1.81,7.5,551
448,32.5,56.9,2.4,25.1,23.2,13.4,1.61,5.3,451
449,18.4,75.1,10.7,15.3,17.4,5.8,1.03,12.5,553
450,26.7,71.4,9.4,22.3,31.4,10.3,1.55,7.7,688
451,30.0,86.0,8.3,20.4,21.4,10.2,1.59,7.2,733
452,34.9,95.7,44.1,70.5,39.6,30.4,2.09,5.8,745
453,30.7,61.2,2.6,15.9,20.5,4.2,1.77,5.3,449
454,30.6,44.2,12.0,16.4,14.7,2.9,0.99,12.1,569
455,39.3,76.0,38.4,49.6,23.5,26.8,2.06,3.4,452
456,25.4,59.3,5.6,8.4,11.9,4.3,0.9,10.4,465
457,33.3,80.0,33.8,48.2,38.3,3.7,1.61,5.1,507
458,25.5,85.4,13.3,26.0,35.7,9.6,1.54,6.6,662
459,32.6,79.8,33.1,45.2,32.1,5.2,2.61,4.2,731
460,29.9,56.3,13.9,16.1,13.0,3.3,0.99,10.2,519
461,32.2,61.5,7.1,18.6,16.1,14.5,1.52,7.3,539
462,30.4,57.7,12.2,28.7,37.2,25.0,1.95,3.9,749
463,26.6,70.9,5.9,18.2,26.9,11.7,1.5,5.3,573
464,25.2,71.0,10.8,14.9,14.6,5.8,1.05,12.6,479
465,25.6,66.0,0.8,6.7,16.0,7.0,0.84,11.7,431
466,37.8,70.3,16.7,29.9,35.9,22.1,2.16,4.1,529
467,23.6,50.5,19.6,25.4,21.6,5.0,0.96,10.5,294
468,28.2,59.2,12.7,21.2,21.7,10.2,1.3,5.2,565
469,44.2,63.5,120.8,137.5,38.7,22.6,1.41,3.4,707
470,30.1,54.1,16.8,24.6,16.8,8.2,1.02,11.1,201
471,26.4,78.1,1.8,9.9,27.0,6.6,1.06,14.6,552
472,26.9,51.6,6.9,7.4,24.6,5.1,1.06,13.1,534
473,32.8,62.4,24.0,42.7,32.9,25.0,2.29,6.2,415
474,22.9,64.5,2.3,8.8,11.3,7.2,1.13,11.2,361
475,30.4,56.5,5.9,14.5,23.7,6.4,1.24,6.7,410
476,23.1,63.0,9.9,17.8,25.0,5.4,1.03,10.2,403
477,28.2,78.9,0.1,6.9,26.0,10.4,1.55,6.5,679
478,26.7,60.0,7.1,11.0,20.2,5.9,1.01,10.8,349
479,33.4,85.5,55.9,60.9,36.0,10.2,1.64,3.7,698
480,22.5,67.1,2.9,9.5,16.5,8.5,1.17,12.6,226
481,37.9,89.7,3.1,18.3,36.7,4.7,2.72,2.6,592
482,25.1,66.6,38.5,43.4,18.5,4.3,0.92,12.0,326
483,31.6,84.6,102.4,137.1,49.3,15.6,2.11,3.8,777
484,18.5,54.0,5.2,7.7,22.7,3.9,0.86,14.1,415
485,22.7,44.0,13.0,16.1,16.1,3.4,0.95,12.9,330
486,30.8,60.3,36.6,44.7,25.3,12.1,1.84,5.1,386
487,29.3,67.0,53.8,67.0,18.1,13.3,1.3,9.1,336
488,36.1,61.6,1.1,10.7,21.5,8.5,1.76,7.0,567
489,34.8,61.8,6.8,15.5,23.5,9.6,1.47,6.0,404
490,40.6,77.3,18.7,37.5,36.1,28.7,2.23,6.9,555
491,23.6,55.5,2.7,7.8,20.8,5.6,1.04,10.6,481
492,27.6,89.1,23.7,36.4,35.4,17.2,1.79,4.2,817
493,19.0,55.4,9.4,14.5,24.3,4.5,1.03,10.6,478
494,29.6,53.8,10.8,18.5,25.5,4.8,1.53,5.8,436
495,34.2,62.7,40.0,50.3,23.8,9.3,1.5,5.1,416
496,39.6,94.6,10.4,33.3,28.4,17.3,2.11,3.8,533
497,30.9,74.6,24.0,28.9,23.6,7.7,1.01,10.7,217
498,31.4,78.3,8.2,14.1,23.5,5.6,0.87,11.2,225
499,39.2,108.0,73.5,88.5,34.0,15.8,1.96,6.2,734
500,33.6,88.9,23.3,40.6,31.1,13.5,2.29,7.3,405
501,22.4,54.5,0.0,4.6,20.6,7.5,0.74,11.4,326
502,30.2,77.9,28.8,37.8,31.5,6.9,1.5,9.1,356
503,20.7,48.7,5.9,11.1,14.7,6.9,0.89,11.7,581
504,27.0,45.3,1.8,14.1,34.1,11.4,1.64,6.5,615
505,33.7,67.9,1.4,13.4,26.2,16.4,1.84,4.9,742
506,26.0,81.8,8.4,20.4,28.8,5.6,1.49,5.5,596
507,30.0,58.9,10.5,25.9,33.6,12.6,1.28,7.2,347
508,29.7,93.5,2.9,21.9,30.5,10.0,1.79,3.7,816
509,37.7,93.3,115.9,145.3,33.2,16.2,2.0,8.2,374
510,44.9,82.7,33.8,51.4,32.1,14.7,2.49,3.8,514
511,31.2,72.8,2.2,11.3,25.6,12.6,1.88,3.9,432
512,25.1,70.9,16.8,33.0,37.1,9.1,1.05,6.3,569
513,30.8,53.5,9.2,15.4,27.5,7.9,1.04,10.8,220
514,27.3,71.0,8.3,11.9,13.5,11.1,1.13,12.0,390
515,34.3,70.1,0.5,19.9,32.1,14.8,2.04,5.0,551
516,26.8,63.3,1.7,5.3,17.3,2.0,0.92,11.3,481
517,51.4,108.7,2.1,20.6,27.1,11.8,2.03,2.6,744
518,37.9,84.7,8.4,38.0,48.7,3.4,2.05,3.8,729
519,22.0,51.1,26.0,27.3,23.0,8.2,1.03,14.4,384
520,25.5,66.7,45.1,51.2,18.8,3.7,0.92,10.4,574
521,31.7,95.3,42.1,64.9,30.4,13.0,2.14,4.3,595
522,24.3,42.3,2.3,9.7,26.4,5.6,1.1,10.1,558
523,21.6,53.1,45.7,49.9,16.5,6.5,0.88,10.7,348
524,41.4,55.0,14.8,28.8,27.7,16.4,1.32,5.0,297
525,32.3,46.7,20.8,34.7,30.4,11.4,1.33,5.3,677
526,30.2,77.4,9.5,26.4,20.9,10.8,2.29,3.7,648
527,28.9,73.1,5.6,10.3,17.0,5.6,1.02,10.8,303
528,32.0,81.6,3.1,11.0,28.0,11.0,1.31,6.1,531
529,35.0,85.2,47.4,62.5,24.0,8.8,1.87,9.2,641
530,39.3,77.8,60.6,78.3,23.8,10.9,2.74,6.2,665
531,35.2,57.6,46.5,59.0,22.3,4.7,1.37,5.3,650
532,20.2,65.4,6.2,13.1,26.1,8.5,0.94,11.0,338
533,29.0,44.6,21.2,28.0,19.6,3.3,1.2,11.1,545
534,23.5,61.4,10.9,17.5,14.3,4.4,0.87,14.3,443
535,26.7,56.6,6.8,23.6,28.6,13.8,1.67,6.2,546
536,37.3,49.5,13.1,28.5,31.0,14.0,1.52,6.4,300
537,31.1,78.2,42.5,55.7,30.5,10.4,1.49,11.5,628
538,15.5,64.8,19.6,23.4,25.5,4.6,0.91,11.1,230
539,26.8,71.2,9.5,22.8,20.4,14.0,1.54,6.2,367
540,42.1,87.1,168.6,188.2,30.9,14.8,2.94,3.2,759
541,26.8,55.2,3.6,8.0,20.7,5.6,0.76,12.2,575
542,22.9,68.2,1.6,7.3,22.8,3.3,1.06,12.7,356
543,35.4,78.8,14.3,23.8,26.8,14.0,1.3,7.3,346
544,21.7,53.7,9.6,17.2,26.1,5.8,0.97,10.2,536
545,20.5,80.3,12.6,25.9,33.0,11.4,1.44,6.1,433
546,45.1,102.9,16.4,49.1,38.4,18.7,2.06,4.8,638
547,25.0,81.8,20.2,28.7,17.5,2.3,1.06,10.6,386
548,34.6,68.4,56.8,72.9,32.9,7.8,1.51,6.0,702
549,32.2,70.9,37.9,56.7,37.8,16.2,1.54,4.8,388
550,22.1,46.7,0.8,6.3,26.0,3.1,0.98,10.0,469
551,30.4,77.0,10.0,14.8,15.5,3.1,0.9,10.1,386
552,24.5,65.3,29.4,38.1,33.4,2.0,1.23,6.0,616
553,26.5,69.0,9.7,19.6,18.3,4.7,0.95,15.6,262
554,24.1,60.7,12.6,17.7,22.8,5.3,1.02,12.7,403
555,26.0,54.4,2.3,10.6,21.1,4.6,1.09,10.9,344
556,25.8,64.7,3.3,8.4,26.6,4.3,0.98,10.2,226
557,31.3,102.2,15.4,33.6,29.6,21.0,1.88,4.1,466
558,36.2,58.4,2.0,14.7,22.9,5.9,1.17,5.5,533
559,23.2,60.9,3.7,4.0,14.5,4.2,1.02,13.9,381
560,26.5,64.6,36.9,37.9,20.8,5.0,0.98,13.0,359
561,25.5,57.8,1.4,7.7,33.0,9.5,1.96,6.9,481
562,32.4,66.1,9.1,16.0,13.9,4.6,1.02,11.4,283
563,21.5,45.8,8.2,11.2,23.2,2.4,1.12,10.4,585
564,39.2,68.0,4.0,18.4,30.2,16.8,1.77,3.8,763
565,30.7,85.3,26.1,34.1,24.6,9.8,1.59,5.6,602
566,32.2,57.0,22.8,34.4,25.7,5.8,1.5,7.0,509
567,24.9,56.1,20.9,28.4,24.9,10.3,1.3,9.5,542
568,37.0,86.3,81.3,110.8,41.3,16.2,2.97,2.5,841
569,39.1,66.5,70.3,94.6,33.5,29.7,2.27,2.6,756
570,29.0,74.0,2.2,15.0,22.3,10.5,1.72,10.2,703
571,35.7,50.3,1.2,13.7,20.8,5.9,1.63,6.2,463
572,28.6,45.6,56.8,64.8,30.2,7.0,1.42,7.6,681
573,28.9,44.2,5.6,10.9,19.7,4.5,1.03,18.0,333
574,24.7,72.4,6.1,15.2,24.9,3.1,0.94,13.7,221
575,43.3,95.1,20.3,53.0,37.9,21.0,2.08,6.3,581
576,23.6,76.6,0.5,16.3,28.2,11.9,1.55,6.2,514
577,31.6,95.2,157.5,180.0,38.8,28.7,2.0,3.6,571
578,25.1,68.4,5.4,11.9,15.0,1.2,1.03,13.7,203
579,36.0,70.2,12.5,41.9,30.7,16.0,1.79,4.6,624
580,29.3,70.6,44.1,60.3,27.4,8.6,1.09,5.5,365
581,24.7,70.3,3.2,11.1,23.1,6.6,0.88,10.3,593
582,23.0,51.2,17.3,22.3,13.6,2.5,0.84,13.2,444
583,32.0,68.1,5.3,10.9,24.9,6.7,0.87,11.9,327
584,25.4,63.2,10.7,16.0,17.9,2.2,0.93,12.7,560
585,25.3,79.4,15.7,21.8,16.3,6.2,1.06,11.1,506
586,28.0,74.7,13.8,21.4,18.6,5.5,1.08,10.4,380
587,23.7,55.9,27.7,37.2,16.2,2.1,1.03,12.1,307
588,46.7,84.2,1.6,26.6,36.5,13.4,3.04,8.0,506
589,20.7,66.4,26.3,29.6,23.2,0.8,0.98,14.4,520
590,29.0,100.2,69.8,85.0,26.5,17.0,1.95,4.9,641
591,40.8,100.7,23.3,39.7,49.3,31.9,2.78,11.2,671
592,23.0,82.5,6.6,19.3,21.1,10.3,1.8,6.1,566
593,23.9,49.8,3.2,8.9,16.4,7.4,1.0,11.1,237
594,38.9,66.5,81.9,105.1,36.1,5.9,3.54,3.2,794
595,25.3,50.3,11.5,16.8,23.7,6.7,0.89,10.7,349
596,29.8,74.7,34.9,40.7,7.4,3.3,0.94,11.1,369
597,32.1,59.4,8.2,13.3,22.8,2.0,1.16,10.2,396
598,32.9,56.9,44.2,55.4,19.5,8.5,1.33,9.3,612
599,24.6,96.2,114.7,142.1,32.2,17.1,1.95,3.7,677
600,25.3,63.9,16.1,24.8,26.6,9.8,1.08,10.1,552
601,33.3,51.4,9.6,20.7,20.7,16.0,1.48,5.8,542
602,21.3,79.2,28.9,32.9,16.9,3.0,0.98,12.2,372
603,38.7,67.0,22.4,41.4,46.9,21.7,2.24,5.7,520
604,21.3,47.7,8.0,12.3,21.2,7.0,0.99,10.7,478
605,43.2,98.2,6.1,32.9,42.3,19.8,2.26,4.1,797
606,28.0,50.9,1.0,6.3,23.0,5.3,0.87,13.2,381
607,24.2,69.8,0.4,5.8,20.1,15.8,1.27,7.2,568
608,26.0,38.6,16.6,22.7,22.0,2.8,1.22,12.9,389
609,23.7,56.6,8.3,24.4,26.6,12.1,1.35,5.4,551
610,34.4,87.9,216.9,240.0,50.7,15.3,2.53,4.3,578
611,41.4,66.1,15.1,31.6,28.7,19.4,1.65,5.9,776
612,46.5,101.4,94.5,122.4,29.8,20.2,3.09,4.1,584
613,28.4,75.5,13.1,26.9,20.0,14.1,1.72,5.8,402
614,33.0,79.1,3.4,10.9,12.2,5.7,0.98,11.1,213
615,31.1,78.8,54.2,63.7,38.3,9.1,1.47,7.6,488
616,21.8,59.9,21.0,22.6,23.5,5.2,0.94,10.0,318
617,32.0,51.9,43.7,55.7,24.3,12.1,1.41,5.1,461
618,38.9,90.0,28.7,41.1,31.6,15.8,1.71,7.1,666
619,27.3,61.0,32.3,34.8,21.0,6.9,0.98,10.4,453
620,37.3,70.1,4.6,17.8,34.8,12.0,1.73,3.6,609
621,39.8,84.8,49.3,69.5,30.4,14.2,2.44,6.4,555
622,25.9,54.6,13.6,16.2,20.2,4.5,1.07,10.2,379
623,23.4,72.5,12.1,19.8,18.6,4.4,1.01,18.2,578
624,34.1,55.0,12.0,30.7,28.3,22.7,1.64,3.4,684
625,29.4,62.3,7.4,14.9,25.6,8.2,1.53,11.1,337
626,24.5,60.1,5.4,12.5,27.4,5.4,0.98,10.5,476
627,29.8,44.0,30.2,31.6,23.9,2.6,0.99,18.6,322
628,22.8,72.8,16.8,25.2,23.0,2.1,1.15,10.3,502
629,23.5,73.7,2.1,6.0,22.2,3.0,0.86,10.7,200
630,34.8,78.3,43.0,56.3,41.7,8.0,1.32,5.7,738
631,29.0,80.3,5.4,11.2,19.0,4.6,1.01,10.1,538
632,22.5,81.5,2.0,15.3,27.8,14.7,1.75,5.0,492
633,34.5,82.1,25.3,40.9,41.4,17.2,2.73,5.0,808
634,28.7,59.4,4.0,8.5,18.9,5.6,0.84,10.1,364
635,30.5,73.1,51.1,73.9,31.4,19.4,2.05,4.9,664
636,32.7,50.3,26.8,40.9,22.0,8.1,1.68,9.1,417
637,28.8,75.6,21.4,24.5,24.5,5.3,1.1,11.4,291
638,30.5,54.0,6.3,14.5,29.0,7.9,1.54,5.8,391
639,40.0,75.6,16.8,35.2,34.9,14.2,2.09,6.5,591
640,27.7,75.8,0.2,5.2,10.4,4.0,0.93,10.4,505
641,31.7,54.2,16.8,26.0,32.6,11.2,1.76,5.8,514
642,29.3,68.3,3.0,8.1,10.8,5.2,1.09,10.5,336
643,22.0,59.2,14.0,25.8,20.8,13.2,1.5,5.4,503
644,21.6,75.4,32.4,44.1,34.8,15.7,1.09,3.5,580
645,30.4,60.8,57.8,78.2,37.7,13.7,1.79,3.8,631
646,30.3,73.7,47.2,61.4,25.7,11.3,1.89,3.5,523
647,29.6,71.8,14.3,23.4,31.9,19.9,1.42,8.6,571
648,31.9,74.7,15.3,33.9,48.0,13.6,2.29,5.6,756
649,28.8,66.7,7.6,10.6,16.4,5.1,1.25,13.3,460
650,32.2,87.1,48.1,64.2,29.7,15.3,1.44,5.3,666
651,24.2,56.3,9.6,16.3,15.3,5.0,1.04,12.9,387
652,33.6,72.6,24.5,31.2,24.1,14.8,1.3,6.7,489
653,40.0,63.6,83.0,114.7,49.1,15.5,2.53,2.9,767
654,31.3,64.4,3.9,6.9,26.4,5.0,0.97,10.6,315
655,39.7,67.9,35.7,39.0,33.1,8.8,1.73,7.3,617
656,26.4,62.1,7.1,10.1,19.2,5.9,1.06,12.2,437
657,21.4,62.6,5.3,10.8,14.3,3.5,0.93,14.7,391
658,30.5,77.1,14.0,23.8,32.3,12.4,1.8,6.9,357
659,19.7,41.0,3.1,5.5,14.3,1.3,1.08,10.3,509
660,24.0,43.8,13.6,18.3,24.2,7.2,0.88,10.1,477
661,36.8,69.6,21.8,35.1,36.0,4.3,2.45,4.8,729
662,25.8,40.3,2.2,6.6,24.1,8.2,0.99,10.6,438
663,35.0,61.0,15.4,29.4,31.8,40.7,2.66,4.8,733
664,49.1,93.0,57.2,85.2,36.9,22.3,2.77,3.6,623
665,28.7,81.0,17.8,28.2,23.5,12.0,1.42,10.5,352
666,45.6,78.7,3.4,25.3,34.0,11.5,2.41,2.5,503
667,27.1,67.9,30.7,41.4,18.9,3.9,0.94,11.4,563
668,31.6,52.0,0.7,13.8,28.7,12.1,1.45,6.5,549
669,32.2,78.1,0.4,6.2,26.7,13.8,1.64,5.1,540
670,31.5,85.2,11.3,21.9,26.6,9.1,1.2,5.2,676
671,41.6,86.7,51.4,76.8,30.1,27.7,2.27,6.8,744
672,25.2,66.6,21.7,30.7,28.0,3.4,1.12,13.5,283
673,27.3,75.6,2.1,7.7,24.4,14.2,2.12,6.7,665
674,32.3,77.3,28.8,54.3,21.8,11.2,2.21,5.0,478
675,19.2,45.1,26.4,28.8,26.8,7.5,0.92,11.3,208
676,26.3,54.1,0.9,10.3,25.1,4.5,0.95,10.1,316
677,22.8,66.7,21.5,34.5,29.1,7.5,1.74,5.3,346
678,27.7,77.8,20.8,28.2,15.5,4.7,0.97,11.4,225
679,27.7,51.3,0.5,22.9,29.1,14.0,1.68,3.8,470
680,30.3,80.4,24.4,31.4,18.3,4.4,1.48,9.2,405
681,23.8,72.5,16.3,20.1,26.3,3.9,0.69,12.2,519
682,29.6,90.2,40.6,41.3,23.6,5.7,1.36,7.0,304
683,23.2,67.0,8.1,14.5,12.4,3.8,0.89,10.5,222
684,37.0,78.3,12.0,24.3,23.7,6.1,1.7,7.6,485
685,31.5,83.9,14.3,24.3,29.9,12.7,1.64,5.2,265
686,39.4,101.1,16.6,36.8,49.8,30.4,2.01,3.6,789
687,22.3,54.1,4.3,10.3,12.7,4.5,1.02,10.4,275
688,37.3,76.1,7.9,18.8,39.5,11.9,2.27,3.5,434
689,24.2,83.2,19.6,29.1,22.4,1.7,1.37,6.0,384
690,32.7,74.9,21.4,22.4,18.0,12.0,1.57,5.7,586
691,25.9,46.2,0.4,5.5,21.7,8.7,0.95,10.8,299
692,21.5,69.6,0.3,4.7,10.0,4.9,0.96,14.2,388
693,29.8,68.3,0.1,10.9,19.9,6.1,1.57,5.4,345
694,18.5,71.0,13.2,20.4,19.4,5.2,0.89,12.0,550
695,36.8,73.6,36.0,51.2,24.5,11.2,1.53,6.0,630
696,21.4,55.3,3.3,5.0,13.3,0.9,1.28,10.1,609
697,28.7,65.0,12.0,18.3,27.3,6.2,0.99,10.3,331
698,40.0,68.1,31.6,45.7,38.1,14.4,2.17,4.0,596
699,24.4,45.9,25.0,30.5,22.8,3.1,0.97,11.5,524
700,45.3,73.7,53.2,84.6,47.8,28.0,2.45,2.8,480
701,29.7,55.6,28.0,45.2,24.5,7.9,1.25,5.9,471
702,30.1,70.5,39.7,53.0,24.8,8.3,1.34,5.9,683
703,23.0,76.7,4.3,12.0,18.3,0.7,1.07,12.9,270
704,36.8,68.5,4.8,16.5,29.2,1.8,1.32,6.2,323
705,29.9,78.9,11.6,26.1,17.5,5.3,1.49,6.6,533
706,18.7,65.8,8.3,15.6,27.5,7.3,0.86,12.9,259
707,21.2,72.7,13.9,21.1,23.4,5.1,0.87,11.7,207
708,21.9,71.1,36.9,36.2,33.3,9.6,1.67,5.6,594
709,31.4,93.4,11.6,27.1,19.2,16.0,1.77,8.7,383
710,31.2,75.5,30.5,37.8,32.7,8.6,1.79,6.0,608
711,33.8,67.8,5.3,6.6,21.4,9.9,1.24,7.5,376
712,40.9,62.4,19.0,36.7,36.1,20.9,2.3,8.1,518
713,29.4,63.7,79.7,93.1,26.2,12.2,1.56,5.4,326
714,45.8,96.4,0.4,10.0,34.1,11.9,1.9,11.6,374
715,25.3,59.4,5.2,10.7,22.1,3.6,1.08,10.5,317
716,27.4,64.7,23.9,32.4,12.8,1.9,1.08,17.2,403
717,24.4,69.9,24.1,30.0,19.4,10.2,1.72,11.3,581
718,29.4,73.1,9.4,13.7,38.5,5.1,1.59,3.8,438
719,29.6,46.4,14.2,16.9,11.8,6.5,1.0,11.8,382
720,23.4,53.5,4.9,10.5,17.5,6.3,0.91,15.5,501
721,25.8,42.2,2.2,3.9,15.2,9.0,0.99,13.8,543
722,22.9,74.8,9.5,15.1,21.6,4.8,1.11,13.7,525
723,21.6,50.7,1.5,4.0,11.7,2.3,0.94,12.0,452
724,30.1,86.2,18.7,27.7,33.4,9.3,1.57,5.0,479
725,19.7,48.0,20.5,25.1,18.2,6.9,1.13,10.5,604
726,21.7,65.6,2.3,7.4,10.1,5.4,0.91,14.6,302
727,40.6,77.6,18.1,46.7,35.9,13.8,1.96,4.5,434
728,29.5,69.6,11.8,18.2,28.9,6.7,0.94,11.7,363
729,28.7,54.7,17.7,25.2,39.7,9.8,2.44,4.4,522
730,26.4,52.6,4.7,12.5,24.1,5.6,0.91,10.4,500
731,28.9,72.2,9.9,25.7,35.4,9.8,1.33,6.6,597
732,36.0,90.1,29.5,41.4,34.6,13.3,2.12,5.1,760
733,34.5,83.0,89.5,108.6,36.0,16.0,3.67,5.9,781
734,31.5,95.4,24.3,41.3,35.5,34.3,2.52,3.2,790
735,37.9,80.9,76.2,106.7,40.9,9.0,2.11,5.9,737
736,39.9,69.7,1.8,10.6,27.1,18.0,2.29,6.9,660
737,25.5,54.8,19.3,27.1,25.4,3.1,0.89,11.4,530
738,21.5,75.4,11.2,17.5,14.8,6.3,1.01,14.6,298
739,24.8,57.4,11.2,16.3,17.1,2.8,1.24,12.9,495
740,31.9,80.5,10.3,18.2,29.1,17.2,1.72,5.2,373
741,44.5,81.7,85.6,107.6,34.2,34.9,2.45,7.5,682
742,33.9,63.5,55.1,78.8,41.8,18.9,1.99,3.6,454
743,22.2,53.1,13.8,15.0,21.5,4.1,1.06,14.5,276
744,28.5,74.7,9.4,16.7,17.5,9.1,1.06,11.2,304
745,25.3,50.8,7.7,13.4,16.5,3.8,1.15,10.8,338
746,33.6,55.2,2.9,21.2,21.9,5.1,1.69,5.3,454
747,32.5,69.3,28.0,47.9,28.8,9.8,1.53,5.2,409
748,19.9,80.9,12.2,22.0,24.4,8.3,1.45,7.3,433
749,26.4,70.6,18.8,25.0,26.9,6.3,1.0,16.1,500
750,30.3,77.1,1.9,11.7,32.0,16.4,1.99,9.9,618
751,35.1,51.8,4.7,14.9,14.8,10.5,1.25,6.8,352
752,25.5,68.9,2.9,16.0,38.3,2.3,1.61,10.9,357
753,31.8,71.4,18.6,32.0,18.7,13.9,1.3,5.5,483
754,21.1,55.8,28.7,42.8,23.6,6.0,1.52,7.5,424
755,23.7,72.0,2.3,12.5,16.3,11.3,1.52,6.1,607
756,28.0,71.0,26.7,28.4,19.4,6.0,1.07,11.1,233
757,45.0,107.0,13.2,20.9,56.0,10.2,2.23,4.0,775
758,22.7,78.2,7.4,7.5,19.8,5.2,0.86,10.2,255
759,46.0,90.9,11.0,30.8,26.2,15.0,1.78,5.6,736
760,24.2,41.3,1.1,6.0,12.3,7.8,1.16,10.4,601
761,28.0,53.6,20.2,28.4,14.1,2.7,0.99,11.7,475
762,27.9,70.5,2.0,6.6,17.7,3.2,0.94,11.0,554
763,26.7,42.5,20.0,24.9,22.1,8.4,0.95,15.0,309
764,34.1,79.9,42.9,48.9,41.9,20.4,2.03,4.8,515
765,30.1,78.4,6.5,24.9,28.8,6.6,1.98,7.0,569
766,20.9,68.0,3.3,8.8,21.9,4.1,1.08,10.5,538
767,21.4,77.6,7.7,11.2,25.2,5.0,0.94,12.6,547
768,26.5,68.0,20.7,28.1,14.2,2.4,0.9,13.3,248
769,27.8,69.2,2.7,7.9,24.8,2.1,1.22,10.2,401
770,43.6,112.5,47.7,69.6,40.8,21.6,2.64,3.2,805
771,29.2,64.3,46.3,51.0,26.7,9.8,1.5,6.1,623
772,23.7,66.3,11.8,14.4,12.2,1.9,0.79,12.0,248
773,19.1,63.4,23.9,31.8,22.1,9.2,1.5,5.2,639
774,21.3,75.7,28.7,33.5,14.8,3.2,1.1,11.4,243
775,35.8,69.7,9.8,14.4,22.5,10.5,1.1,5.3,396
776,25.5,77.9,6.9,11.4,19.5,9.3,1.09,11.7,254
777,41.2,79.1,5.6,27.6,35.9,6.9,1.66,7.1,359
778,22.6,55.6,7.4,8.0,22.4,4.0,1.1,10.8,330
779,20.1,54.3,10.1,12.2,27.1,0.6,1.12,10.1,474
780,26.5,67.6,1.8,9.2,26.5,4.9,1.09,12.3,418
781,27.2,59.1,3.7,5.2,15.0,5.2,1.03,11.0,285
782,45.7,76.3,1.1,20.8,23.8,28.2,2.44,3.7,761
783,41.8,72.4,19.3,37.6,36.1,12.2,2.11,3.6,617
784,26.7,77.9,24.2,26.6,21.2,4.9,1.13,10.8,352
785,22.9,57.2,66.5,80.9,25.4,6.9,1.53,5.3,682
786,28.1,87.7,39.2,53.4,39.1,10.3,1.86,5.2,669
787,33.6,71.0,61.1,77.5,27.7,10.8,1.89,3.8,644
788,25.4,56.8,5.7,8.2,15.6,4.2,1.01,12.0,375
789,24.5,40.6,0.5,4.1,25.4,4.2,1.02,11.7,494
790,34.7,74.0,22.5,23.7,40.4,17.1,2.49,5.2,523
791,23.0,50.9,19.3,20.7,21.4,6.9,1.0,12.6,454
792,24.3,79.5,9.8,12.6,26.5,5.7,1.01,12.5,280
793,43.3,69.3,6.6,19.3,34.3,11.3,1.99,4.3,500
794,29.6,68.9,1.9,7.6,26.5,4.1,1.5,9.9,398
795,36.9,69.8,55.4,62.3,37.2,21.0,2.04,3.8,414
796,27.0,46.9,30.1,38.5,20.6,2.7,0.91,11.1,263
797,30.7,54.4,1.5,8.9,21.6,11.2,1.73,5.6,565
798,32.2,89.0,50.8,70.0,24.9,24.5,2.6,3.5,527
799,28.9,57.9,16.4,23.1,20.6,3.4,0.89,12.5,527
800,42.9,71.5,30.4,49.9,39.1,18.6,3.22,4.4,715
801,28.6,67.6,3.2,5.0,18.6,3.3,0.92,16.4,355
802,32.2,70.0,47.7,52.4,38.0,4.6,1.64,6.7,402
803,22.6,56.6,34.2,48.3,23.4,7.8,1.8,8.3,630
804,29.0,65.3,3.5,6.1,8.5,2.5,1.13,14.1,319
805,33.2,93.9,21.3,32.2,36.2,21.8,2.35,5.5,714
806,31.6,88.9,24.1,40.1,39.4,11.2,2.06,6.0,474
807,41.4,99.5,0.7,40.0,44.6,16.6,2.51,8.8,608
808,27.6,78.0,19.2,29.8,35.6,15.0,1.45,6.2,387
809,29.2,54.5,15.8,18.0,12.2,6.4,1.15,13.2,498
810,44.4,70.0,13.0,26.5,36.2,9.2,1.89,2.7,685
811,25.7,63.6,11.8,21.3,31.8,10.9,1.62,7.0,492
812,21.5,79.0,2.7,8.6,24.2,5.2,1.0,10.3,282
813,21.7,45.8,9.8,12.2,20.4,6.2,1.04,10.8,596
814,52.6,91.3,150.5,159.0,36.8,6.3,2.71,5.1,482
815,42.2,123.0,42.1,79.4,42.9,27.3,1.82,3.1,867
816,30.2,75.3,1.0,1.9,41.1,5.7,1.57,4.3,609
817,24.8,67.9,2.3,8.2,23.9,1.4,1.08,18.8,207
818,27.9,60.5,22.9,47.1,17.2,17.3,1.75,3.9,603
819,26.9,95.2,0.0,17.3,26.9,23.6,1.33,10.2,650
820,45.0,76.7,15.8,21.9,45.2,24.1,2.91,11.0,808
821,29.7,61.6,1.5,10.0,21.0,5.4,1.17,13.4,541
822,24.8,58.5,10.3,18.9,32.3,11.3,1.36,5.0,471
823,38.2,84.1,28.5,35.4,20.9,12.9,1.55,6.0,697
824,43.6,88.4,24.6,37.1,37.1,24.5,2.81,7.4,626
825,19.7,75.3,7.8,13.9,21.2,6.4,1.25,10.9,402
826,27.3,78.1,8.6,7.8,13.8,5.6,1.06,11.0,447
827,22.2,66.7,1.6,8.2,14.1,7.8,0.99,10.4,544
828,34.1,60.8,71.1,91.7,37.5,17.4,2.12,4.1,458
829,27.3,78.6,13.8,18.7,14.4,5.4,1.03,14.5,270
830,28.1,73.2,31.1,41.5,18.8,12.8,1.23,5.1,423
831,30.5,81.0,44.5,60.7,33.6,11.2,1.5,6.8,564
832,23.8,73.6,36.9,42.2,28.3,5.7,1.07,15.3,555
833,29.3,39.1,1.6,8.9,17.7,2.7,1.1,15.9,530
834,25.0,55.1,2.2,7.7,27.2,7.2,1.04,10.1,294
835,24.3,78.7,13.3,20.4,23.6,3.8,0.92,11.1,348
836,31.1,60.2,14.1,25.3,18.4,8.7,1.69,5.0,629
837,28.9,46.1,3.5,10.8,12.5,5.9,1.02,10.8,450
838,27.0,74.2,3.4,15.0,33.6,6.3,1.39,10.6,515
839,23.7,56.0,1.4,11.1,26.0,9.9,1.2,7.1,331
840,19.5,63.2,9.9,15.1,15.0,4.9,0.97,10.5,389
841,25.0,39.8,2.0,8.4,21.7,4.0,0.96,10.7,290
842,43.0,94.0,7.6,16.5,27.5,19.0,1.39,8.6,588
843,27.5,59.5,30.0,38.9,18.5,9.8,1.15,13.7,356
844,22.7,69.5,15.6,15.6,27.8,7.3,1.84,7.2,483
845,28.0,83.3,6.0,4.5,34.1,4.6,1.65,5.8,475
846,26.3,52.6,22.2,25.4,18.7,4.6,0.93,10.6,326
847,34.5,72.1,25.0,38.3,22.8,18.3,1.43,6.3,577
848,27.0,45.2,3.2,6.5,24.1,2.7,0.95,11.7,274
849,31.9,53.6,13.3,23.8,20.8,7.0,1.67,11.3,366
850,24.7,49.4,15.5,21.2,21.7,4.8,0.94,10.6,389
851,24.3,45.0,21.7,24.7,20.9,8.3,0.86,12.5,388
852,20.3,78.3,8.4,11.9,22.8,7.2,1.1,15.4,342
853,32.0,58.4,24.0,30.9,28.9,7.4,0.92,12.3,684
854,21.9,71.6,6.1,11.4,15.5,5.4,0.95,11.6,585
855,36.3,67.9,4.8,18.0,24.6,18.9,2.13,8.1,588
856,27.6,62.0,15.5,24.6,27.4,7.2,1.76,5.7,556
857,30.9,66.2,17.4,20.8,12.5,4.9,0.93,11.4,459
858,24.1,45.4,0.6,3.0,15.1,2.6,1.14,13.0,513
859,26.9,72.5,21.5,36.4,18.2,7.6,1.73,12.0,559
860,38.1,106.3,28.0,58.2,36.8,24.8,2.19,4.6,494
861,26.8,44.5,5.1,8.1,23.4,4.4,1.12,11.0,401
862,31.8,99.2,11.7,43.7,38.0,10.0,2.86,2.7,810
863,30.2,63.7,16.6,29.7,30.1,15.1,1.75,6.0,297
864,27.3,67.3,6.5,11.2,24.8,10.7,2.19,5.0,389
865,41.6,100.7,156.7,166.2,38.7,24.5,1.96,2.8,888
866,26.5,83.7,3.2,11.7,31.5,12.4,1.69,5.5,614
867,35.4,73.5,14.6,24.3,33.2,10.0,1.3,5.5,668
868,29.5,69.1,21.9,45.5,31.7,22.7,1.99,5.3,553
869,38.9,56.6,151.2,161.2,41.8,11.3,2.27,5.4,549
870,29.4,64.4,42.5,55.4,23.3,15.8,1.43,7.2,356
871,31.1,89.1,22.8,28.2,17.7,10.5,1.71,6.8,680
872,19.6,60.0,2.5,7.0,22.7,4.8,1.01,11.8,594
873,26.2,46.9,2.0,6.4,18.1,4.2,1.19,11.6,299
874,22.0,70.7,34.7,46.7,19.8,10.5,1.78,5.6,691
875,25.9,56.0,36.7,38.0,14.4,6.7,1.0,10.4,572
876,23.4,61.0,4.4,10.3,17.2,4.4,0.97,11.5,421
877,26.4,64.2,6.9,8.3,11.8,4.3,1.08,15.7,563
878,28.6,65.9,0.9,4.4,13.1,5.9,1.03,11.7,446
879,28.9,67.7,39.3,52.7,22.6,12.4,2.15,4.1,550
880,24.2,69.5,6.0,9.9,9.9,4.7,0.97,10.5,461
881,34.5,62.3,12.9,27.6,27.3,7.7,1.58,6.7,474
882,46.7,65.7,102.5,122.1,43.7,6.9,1.9,3.9,556
883,22.9,41.7,26.8,33.4,11.9,1.1,0.89,11.0,359
884,24.3,62.5,1.1,9.6,20.8,7.0,1.08,10.9,567
885,27.1,70.2,2.0,6.2,23.0,3.5,1.0,10.1,271
886,33.0,79.3,57.4,78.2,34.4,25.3,2.58,3.4,692
887,29.8,67.0,23.0,39.7,27.3,12.5,2.27,7.2,639
888,40.1,80.2,36.5,49.6,30.0,8.0,2.13,3.7,468
889,29.8,78.6,6.7,14.8,37.3,7.5,1.42,8.3,398
890,25.4,42.8,5.2,11.8,23.2,7.3,0.99,11.7,504
891,24.3,59.5,10.7,15.9,20.8,5.1,0.97,11.8,538
892,50.2,69.1,0.4,24.1,41.5,21.9,2.82,7.3,883
893,44.0,104.8,22.5,48.3,35.8,12.4,2.03,3.4,627
894,30.5,75.1,8.8,19.3,29.4,9.9,1.67,5.1,511
895,36.8,79.1,1.7,14.1,37.1,19.1,2.17,4.0,659
896,42.1,87.6,2.5,22.2,37.6,27.2,2.3,2.8,451
897,27.2,71.9,13.7,22.7,27.1,5.5,1.1,11.2,513
898,38.5,88.0,11.7,28.5,25.2,20.0,1.3,4.3,693
899,24.3,58.9,24.2,32.1,18.7,4.9,1.09,13.6,265
900,23.8,92.0,20.3,37.8,44.0,5.5,2.29,4.0,433
901,36.4,94.9,7.2,32.0,30.4,5.8,1.92,5.9,565
902,27.6,69.4,2.9,9.9,12.4,2.0,0.97,13.2,375
903,27.6,79.6,55.7,66.7,33.7,19.3,1.79,8.9,539
904,45.0,96.7,71.6,94.8,45.6,29.6,2.04,5.7,642
905,28.3,65.8,7.3,9.8,23.3,3.6,1.03,13.0,563
906,32.0,57.4,61.5,76.9,27.2,16.1,2.4,4.7,422
907,23.5,58.3,4.8,5.7,11.7,5.9,0.99,10.8,346
908,29.4,60.0,51.9,65.0,33.7,9.1,1.48,8.6,641
909,26.6,74.9,9.6,13.4,21.3,9.3,1.13,10.5,327
910,34.0,63.3,15.3,16.3,19.1,10.4,1.54,12.7,387
911,33.2,109.8,94.1,111.7,46.6,7.4,3.24,3.9,853
912,28.3,63.1,59.9,68.3,20.7,0.0,1.22,5.1,399
913,31.9,68.4,7.8,18.9,33.0,11.4,1.68,5.7,476
914,27.6,55.9,9.8,17.8,33.7,8.8,1.6,5.2,352
915,18.1,50.3,10.3,15.5,19.8,19.8,1.69,7.3,440
916,45.2,88.9,9.9,28.9,33.6,18.9,2.37,6.9,574
917,26.2,62.3,5.9,9.6,23.6,8.6,1.4,7.9,685
918,22.7,77.3,71.0,77.5,40.1,9.6,1.63,3.5,608
919,36.4,98.8,15.7,18.1,39.1,12.8,1.95,3.4,541
920,33.8,50.4,15.2,25.0,23.5,7.9,1.71,6.1,407
921,27.2,59.2,4.5,8.1,13.9,6.9,1.0,15.6,543
922,35.3,85.4,62.8,68.2,30.3,10.2,1.3,5.0,493
923,35.3,75.4,8.0,27.1,37.3,9.0,1.82,21.6,696
924,29.3,74.3,8.5,19.9,26.7,11.1,1.67,7.4,599
925,22.8,92.7,22.5,44.6,27.9,26.1,2.32,4.3,732
926,44.6,70.1,58.9,79.8,45.1,16.8,2.52,4.1,658
927,33.9,80.4,2.9,13.9,22.3,12.7,1.49,6.2,481
928,38.3,57.0,1.8,12.1,30.1,5.3,1.36,5.8,355
929,29.6,64.6,10.6,14.4,20.9,3.1,1.02,11.9,485
930,25.5,65.8,20.5,24.1,15.0,4.1,1.03,10.6,543
931,20.2,76.5,9.5,13.9,14.3,4.4,0.89,11.1,471
932,30.6,58.2,8.8,13.1,17.5,14.4,1.35,6.3,328
933,26.6,60.0,5.0,15.5,32.8,5.3,1.57,6.9,460
934,29.0,56.0,5.5,10.1,14.5,3.7,0.86,13.4,233
935,24.2,61.7,3.2,8.8,19.1,5.5,1.21,10.2,406
936,21.4,67.9,10.9,13.7,16.1,5.8,1.02,12.7,241
937,27.4,76.9,3.2,10.3,13.7,5.9,1.1,10.6,224
938,48.8,95.8,9.8,28.0,36.0,33.7,2.59,2.6,586
939,33.8,66.9,5.8,11.0,15.4,-1.2,1.06,14.4,298
940,29.8,62.1,6.5,11.0,19.3,12.9,1.65,7.7,688
941,27.5,71.0,52.1,64.1,22.0,6.7,1.65,6.6,601
942,41.2,93.9,12.4,31.2,31.3,18.7,2.16,5.5,568
943,19.7,77.9,1.7,10.5,16.9,5.1,0.68,13.5,538
944,27.4,45.5,1.8,11.9,30.8,16.7,1.84,7.2,649
945,47.5,84.9,55.8,65.9,39.4,17.8,2.57,5.2,557
946,30.9,65.8,11.8,24.2,26.4,14.1,1.77,6.4,453
947,31.1,58.6,9.7,22.5,30.6,7.2,1.49,10.4,603
948,24.2,63.9,6.6,9.1,24.1,2.7,0.93,12.8,369
949,28.6,61.5,19.1,29.3,30.7,6.8,1.61,6.2,376
950,30.5,85.8,29.7,46.4,27.4,11.1,1.64,6.4,605
951,39.5,98.6,93.8,104.7,31.7,11.5,2.31,6.2,713
952,29.9,78.0,25.4,35.4,37.4,10.6,1.5,6.4,533
953,31.6,59.5,55.3,51.2,25.4,7.2,1.33,5.1,599
954,26.9,40.0,15.7,18.9,14.2,4.1,1.17,10.7,598
955,29.6,98.5,61.5,87.6,44.3,12.9,2.28,6.1,711
956,35.4,90.6,7.5,27.8,27.2,26.1,2.29,4.3,754
957,27.2,75.6,13.5,21.6,27.1,16.2,1.77,5.5,396
958,26.8,90.0,40.8,65.7,33.3,24.0,2.55,10.8,672
959,32.9,74.8,4.9,9.6,22.3,9.9,1.71,6.0,339
960,24.3,66.2,71.6,76.4,14.9,6.0,1.03,11.2,325
961,33.2,83.7,29.4,31.8,48.7,21.4,1.88,4.8,933
962,32.8,57.7,11.1,22.9,25.7,8.4,1.23,8.4,398
963,38.4,70.3,1.4,13.2,29.4,10.6,1.74,6.3,406
964,29.3,57.3,13.7,23.6,28.3,12.0,1.87,7.0,657
965,35.4,85.4,6.2,21.7,30.9,8.9,1.69,8.9,601
966,29.9,81.0,3.9,14.9,25.2,10.9,1.24,6.4,366
967,46.8,77.8,25.2,45.5,38.9,19.4,2.66,4.4,830
968,29.5,85.9,13.6,33.2,18.7,14.4,1.78,6.6,397
969,23.8,76.4,0.2,7.2,20.3,7.5,1.03,11.3,280
970,28.9,61.7,2.7,7.1,35.3,7.8,1.45,6.0,439
971,26.1,82.7,19.9,37.5,36.7,12.0,1.5,4.3,706
972,28.5,87.8,6.0,15.5,35.2,13.1,1.14,5.0,610
973,30.8,60.9,0.5,20.6,36.1,11.2,2.13,4.0,627
974,29.4,52.6,0.3,8.0,25.2,6.5,0.98,10.9,429
975,32.5,72.1,26.5,42.4,35.3,2.0,1.94,5.6,510
976,34.6,97.6,52.6,69.2,33.1,11.4,2.2,4.6,537
977,25.1,67.2,16.3,21.1,19.9,7.6,0.83,10.0,471
978,20.5,45.2,16.9,21.6,26.2,4.9,1.08,10.1,236
979,28.5,74.4,14.1,30.3,33.8,23.3,2.45,3.6,422
980,22.8,56.6,9.8,15.4,13.8,4.3,1.11,11.7,372
981,41.5,94.0,62.1,79.4,30.0,20.0,2.8,7.8,547
982,24.4,53.7,1.6,4.6,24.9,6.0,0.93,10.6,253
983,31.4,54.3,25.6,34.5,37.0,14.9,1.32,8.3,632
984,28.0,70.3,2.9,8.3,24.7,8.0,0.82,10.5,308
985,26.8,72.5,2.4,12.8,26.4,13.2,1.38,6.5,484
986,35.6,103.8,74.5,93.3,31.8,23.6,2.04,20.8,757
987,26.2,63.4,14.7,21.1,19.1,3.7,1.15,14.2,305
988,26.5,43.0,18.8,18.4,17.6,2.1,1.08,10.6,426
989,44.4,102.1,35.4,54.7,55.5,25.5,1.79,3.0,772
990,46.8,93.8,11.8,25.4,33.8,28.7,3.27,3.7,589
991,31.8,80.2,22.4,34.1,29.7,4.9,1.22,9.4,580
992,29.8,56.7,6.8,14.0,23.0,4.5,1.1,11.4,567
993,34.9,77.7,32.3,47.1,17.4,11.5,1.63,8.8,541
994,31.1,61.0,27.1,31.1,13.0,3.8,0.98,13.4,278
995,40.6,74.1,116.0,126.7,45.5,25.7,2.11,2.8,765
996,28.1,96.9,6.9,25.0,25.3,10.8,1.54,5.7,709
997,25.9,78.2,14.2,22.1,34.8,7.8,1.63,9.6,379
998,25.3,44.4,21.4,29.0,23.7,5.7,0.89,11.6,241
999,24.1,77.9,81.7,94.3,23.2,10.5,1.38,8.3,461
