Index,Z1,Z2,Z3
754,0.06828646904818456,0.2771568546380867,-0.3921863805282573
2776,-4.472990353408104,-1.4313682662428708,0.6889738627504839
1877,-4.322540726963872,0.7017255436131907,0.2999130442992827
2069,4.559922355876925,-0.08638070032201581,1.6185102797543784
2190,0.9838686469251153,1.512507074471295,0.7511505143981118
3987,6.914006355715646,0.36502420965291893,-1.0215170494198371
1114,2.0464629609735265,0.8218949674815318,-1.3526033252138991
3273,-3.7802297567564636,0.8318320593137074,0.3017687178737411
3691,2.0495415260590932,-0.4510118639388756,0.37882869164825983
70,-0.01799455390163375,0.28707250817331403,-1.9162118575992333
2341,0.533378573199633,1.3555877062756017,-0.05517163481742387
2008,1.7370700032491044,1.0353082587939701,0.5053970696643904
2646,0.07500405224756784,0.22338861323369935,-0.49123206733486535
3012,-3.9029470946197504,-0.3784667778506063,-0.8370691170146852
1129,7.480941786355655,-0.08087171257335048,-0.9593331661797365
536,1.8076067406188912,0.8386057316409954,-0.7949690178234341
2630,4.715355579795886,0.2391958466895606,2.0935191391018506
589,5.458068791343924,0.5718851128784378,0.708442882602139
574,-0.0253078412278053,-0.20564280266422424,1.6146664612762598
3678,-3.360834777693658,-0.2260679885770736,-0.6739866808973858
2554,-4.015086872676534,-0.640276650205293,0.09450010635171341
2431,0.009242211056542115,0.8174297427394671,-0.055549301391396966
3003,5.834410249282842,-0.18240205630730835,1.8194303799843397
641,0.41025431343648033,-2.159573190345006,-0.9991271989556313
341,6.950684188890198,-0.4751652614711871,-0.6734766122305929
1152,2.082042937862173,-0.563752706929876,0.5124849703325172
1831,-3.5950784639308235,-0.06807682419635057,0.16818543277590625
3105,-1.0608836401180874,-1.0586964275713886,1.9005337756068978
2755,5.5628538305368025,-2.0060468385781225,1.6069480849352231
1994,-2.6659647319839577,-0.22121613665245377,-1.341555368266825
2860,-0.4706386432687045,1.744582005082784,0.23442884242429593
2885,-4.795844498490803,-4.0692285858325885,-0.7615613629812152
1694,0.10200233374787472,0.553102673308384,-0.6092876411560632
3875,2.5070994244319267,1.0419855106584597,1.2114166948851681
28,2.4533958643922533,1.532656225935469,-1.0041026219720612
2165,-4.364833694309046,-0.037375061992708965,0.32969030884486106
2534,7.100989181914955,-0.6832371306959782,-2.276304747348106
1333,-4.296503269056946,0.44947147857859604,-0.3888294444821703
2316,0.146068643867661,1.5206705005738816,-0.9134710334124386
1225,-4.871966636486058,-2.058210014256121,-0.36408125039217665
1615,4.081864621524113,0.5063136707430624,0.31958107257982066
632,6.637140466071605,-0.5494112683514405,2.846962928381203
1622,3.4349630412396945,-0.7864226503856779,0.7454708298025842
3371,-3.738100768923633,-0.3355321770608017,-0.1226136593376123
1571,-3.6660781223438623,-0.5677859088925897,-0.33304823525107347
3753,-2.6021225360846,0.2218528162520429,-0.019225133527446998
3145,1.7159625845380642,-0.5389324981539336,0.27906540354145637
1053,-3.272503435516687,-0.14851914934418942,-0.32304736081715213
1272,-0.896394722234656,1.050476394935437,0.6515334204337143
1844,-0.324276822425649,0.18073348507567627,-0.1664259255648292
2741,-4.2077225012889325,-1.393419068361752,-0.6244914108092864
1388,3.237832668294401,-0.5943875662077529,-0.12459965175223321
1389,2.682425192508061,0.5853815981746315,0.4919491260290331
1011,-4.469909121288412,-1.0952359345362888,-1.4243110937116894
1697,6.976209703410482,-0.47410337641640493,-1.1571809546398992
22,-4.232694619138193,-1.122211279579634,1.5039789928422698
41,6.777047190270774,0.08308881573344236,-2.7011050440231235
2828,0.345258260808015,1.2312806935923748,-0.14865558846260088
3496,-4.257008688892092,0.874717247008719,0.6145493268170413
1405,-4.862968043401804,-0.6732934043057689,0.12283104745290094
2987,-4.588399192730262,0.5314975951698585,-0.36585049772605704
3657,0.5902701847167043,1.3652640391226185,-0.14149480914906853
3946,-0.8558036725366913,1.417870218408433,0.5735952359255371
2585,4.540320094222723,-1.3070574788836977,-0.24126799940840588
3270,-2.9435447267768353,-0.04951530102082733,-0.27061574964879914
2449,0.20068378871386577,-1.0047019114267508,-1.0712359547009105
32,-3.2111193597408754,-0.19065758463198562,-1.0866265646819695
2099,1.2067500536831717,0.21507418056762218,0.9305068584282918
699,-0.7946743507946918,1.204970217705473,0.11800964160575242
2078,-3.1097177308829544,-0.6236383989307548,-0.001719213763737248
1632,5.059925027402594,0.08797751979992006,1.3546954006249001
1932,-3.2410824496385144,0.13756754059535414,-0.16613214595991277
807,10.31337227682749,-4.114481449406689,-0.3783957362972331
2303,3.7169400236952104,-0.13594596910130213,0.4914009161432919
1399,2.223805468763165,0.8978309751954326,0.19149814614708446
1227,-1.3308677545244065,0.5813341700329231,-0.009239461485093572
3637,-3.920607787570761,-0.9447422940755303,-0.21850924230053198
3502,-2.420614898089426,0.19002758868824632,0.43044158474203825
1347,-6.077443059889832,-2.044220260078414,0.1624447556101929
138,-5.198575713557786,-0.12075353174385065,1.0025146830668685
3037,6.0511429917896296,0.06214574360700813,3.452698223870555
2126,-3.3549727843245525,0.28767760121992075,-0.44779248432102825
3954,-0.8786841128041517,-1.5901433716111912,0.19444660155331614
1090,3.1662363505343865,1.7572673761347504,-0.21559335184026174
1135,-3.761476966746129,-2.4161792983173345,-0.629328291378575
1517,3.8594432204097955,0.9051140815117299,-1.63584692205491
1019,-2.945706546453576,-0.6582800460050038,0.08528994812675307
1336,-3.0327807666648923,-0.2788373697864581,-0.2824450048151414
2876,-2.885867733702886,0.29422954435234433,-0.18274594850082884
3132,2.3755530288372753,-1.695565590464707,-0.1886174533827845
3053,-5.334220022573979,-3.7088408498254526,1.120709033067887
2998,0.8408435047133438,0.7384171682223316,-0.5375435593137853
2254,11.07605335011986,-1.8348386245699797,-0.43511851945391217
2943,3.2904454403474896,0.23127152881412621,3.3089531406634722
855,-1.2390460175095472,2.032633980750036,0.3570771298542053
2110,0.9960535320949689,0.7808477482849392,0.5780658151482015
3994,-5.08548585385356,-1.3592768510115596,-0.5507330341204606
1910,0.3952165776254463,0.7317143844454035,1.088958567622942
1279,1.7946343654151946,0.7656300123402197,0.2606519284851674
3793,0.22555737218492394,1.6739908178672536,-0.9729368080571522
3184,6.498818824594975,-3.0920665082281915,0.43580710479634077
3739,4.764541745023057,0.3353734003590281,0.03301995775492979
443,-5.5517542906784945,0.3220662587453573,1.2218481008972188
3446,1.8546277649363574,1.5080054860443837,1.4169087932867486
2373,-3.281306944034433,0.007282754047136914,0.014719216888874476
3890,0.08575534156778525,0.7845198604061666,-0.0491106178472036
999,0.2778716807544479,0.5889550548494699,0.6473289375764799
519,1.7478284946171632,0.5960606783627892,1.042098647349329
764,5.6772995015671555,-2.902038697977863,0.482293275880775
2829,1.8454495622591522,0.9377393444150341,-0.5623714123616687
1213,4.590455070302554,0.48269230565860133,-0.0790940852925564
3647,3.9718385685277835,0.9543462413301022,1.5332371165821497
1829,1.660566643877408,1.1320091123521818,0.7662484407592026
441,0.02818465040061888,0.28882062899263394,0.36038832167533597
2345,4.020723041620287,0.21891560216687933,-1.636421282192173
2066,2.2447628175671945,-0.9267220685029067,0.8118046161644079
1715,-4.01888436539217,-1.6660897660444298,-0.26227169723506905
2639,-2.8430613511390983,0.1657273648982936,-1.0457334138965977
2774,0.22364637540468257,1.5546651435628993,0.8488178933609732
3507,7.2638287156150305,-0.7757931630151389,-2.086940700041335
2950,-4.776949416607915,-2.8318289546419533,-0.19604388629506353
911,4.249212405126766,-0.03660403641908283,0.6360673414569599
3989,2.759330003572135,-0.4891731671884723,1.0608167695499582
1370,-3.9532521433415404,-0.948186001589602,0.5457601752931802
2852,8.073138190122867,0.06746307082152783,2.372657932348034
794,3.2834734225477833,0.1497525638323631,1.5825921379019643
1585,7.52316463264613,0.18483794559766087,-0.15350513309782235
2459,-4.732638564014734,-3.7395290547534974,0.06316649892256208
1128,0.5221739114614303,1.205803409599909,-0.875399692807729
2291,7.244683487710415,-0.09552884335128842,1.4059018327930217
333,-4.3606720832058254,-0.9425824712905547,0.9046722013223862
3702,-0.07216939249403549,-0.3426996895253365,1.3815632091019232
3282,-4.562800345074784,0.6998243913823154,0.1728939763600547
3786,-5.608625856211559,-3.1330776743238484,0.789012652236181
3112,-3.7699977569324306,-0.2842482033552179,0.6641808798302405
2942,-2.8699578939209602,0.29259217593276143,-0.5874135486966806
346,8.754702465434624,-1.3439073291249768,-0.8492403279792116
1590,-4.075698050073768,0.5585752566644834,-0.07819964017604897
3088,8.731959379306595,-0.6457819135535803,-0.2613824142302154
2833,-3.8226538023332153,-1.2629936254552896,-0.3673257362788818
2405,5.201060265724772,0.4419244636239727,-0.2087817063434814
1277,6.288050498590475,0.2613809288526397,2.3786838222967424
1961,4.925992503911574,0.2304841396285863,-0.29939899807277076
2680,-3.913812234709183,0.07936070124149558,0.669104534561424
343,-3.476203865041448,-0.21124502331178008,-0.22098294188891418
1255,4.845656214213166,0.069585448109775,0.9157208800627759
1060,5.330380491896272,-0.9021517026977052,2.5444095277195866
1342,3.014012995832353,1.4242408026737157,1.9104647376932171
2005,0.23868450362711394,1.5893741715990517,0.34293864047499717
2270,7.606875165119194,-0.4912530711320857,1.702753301447756
3357,0.1092768470920877,1.4191522682334727,-0.38018299900579733
808,3.0287095735537664,0.7953038487166697,-1.6586823248853972
2417,7.043204520000038,-0.029856423437261675,1.229952654183504
2618,7.289896911047109,-0.4265581822328326,2.554746534465404
3549,0.48067635516765106,1.3240869785385834,0.08627795883831474
123,-0.7190034689794418,0.4071166446598037,-0.4675792338828358
1339,-2.7210509027309357,-0.029705131378086027,-0.7718452274642865
3297,-3.592679010058326,0.4468852879948613,0.2394964000434684
1675,2.749314766914335,0.697262666548669,0.8089037052114361
1447,-4.352447164475152,0.5788540732654012,0.6712693411860448
2176,-1.7527325831382636,0.757945428002573,-1.80896495091437
2703,-4.46220892303953,-0.6331281974245972,1.0854828611685265
3841,5.379584201552415,-1.2883853464848007,2.545700303816105
1268,0.022492296898165277,1.3944219672669318,-0.4474184735507179
3962,-3.501740280996966,-0.744295339702205,-0.0693674860963538
2927,5.33106353604925,0.15997071288245399,0.6612695969028887
846,-5.152324255983025,-1.8844501979189312,1.0364065003075558
3905,-3.9903059048047655,0.6677772546447106,0.8773872599565905
708,-3.0741172474901646,-0.30049789946636835,0.06818556741158807
523,3.113909751693334,0.9380640335665369,-0.5042975398339156
2404,-0.14333276499189604,0.05232636749555096,0.3627551247423967
1168,7.852038418128618,-0.3100692650617434,-0.3719728056742961
1106,5.2486674306379255,-0.08155245263996684,-1.3199902570231155
385,3.0218512392204278,0.7660294287335616,-0.39294059853118285
1555,9.171130346902261,-0.8086777109694986,-0.9436856522501413
966,-3.4942055665211966,0.2624076291033949,0.31132893041052595
3478,-4.29202510263173,0.32599187834529564,0.7395331618774056
728,-0.08581507064866999,0.17264501229643675,-0.04284225445850191
971,-4.120067509278527,-0.14721345654066867,1.134031893811544
468,2.3978621393604387,0.7563130727017876,-0.12122100971138708
712,0.7614652740373753,-0.0071978672672012075,-1.4179206115755163
1889,8.27418868475019,-0.344010504660088,2.4932364980330597
3476,4.302135977688116,0.5198638733206801,-0.272769055729119
3013,-4.24573846517688,0.731024100178004,0.14697529561397008
1543,-3.652501199273364,0.2642603955445769,0.8366075205317474
2952,-3.243504926002271,0.4424470649606751,-0.88224753200786
3125,-4.518362153887764,-0.9431233615976953,-0.41328593200343033
2447,0.2255171513568844,1.3985905625875246,0.6941855678303355
222,-2.7510187749785935,-0.2943630762766259,-0.7164270837244351
1428,-4.328685107503922,-0.5024777571106858,0.011353100131816691
1980,-3.2460072665568207,0.3771553805662311,0.06723114723726044
2461,-2.1236664524691604,-0.45876152885904237,-1.011727371955037
680,0.04486728789966505,1.037496672362657,1.0899263893241617
2805,-3.311174485902718,0.15738051346215495,0.08072770586784571
507,-3.889511713928359,0.45780079160717285,0.4151930194400366
200,0.139699625432122,1.4028836848139623,1.532352842435142
3915,-0.5777848619008852,0.153918241964233,1.0461857824166125
3536,-4.011173107760123,-1.1850756323394152,0.6133925132402929
3277,4.764039205815305,-0.8198481741916074,0.09535237446367213
2443,0.02133826777410005,1.4707505335443114,-0.11319916350303191
1716,-4.632314760880043,-2.0641123082004906,0.21398781167198924
1096,2.8083218326090287,1.1248881292779411,-2.2137838678559896
2559,-0.2119720417602695,1.9346675682085097,0.9731650409039624
2036,0.6485580053830668,0.27873041773769536,-0.8197662540497287
1265,3.6543566525813804,-0.5722046804251093,0.2331227846641162
11,-4.07319208763897,-0.6985209880439722,-0.26193340251333425
1039,-4.060354047230151,0.4719698529953153,0.3372092738359985
2485,1.3494124237208232,1.2053241917529305,1.5736017378965301
388,4.539970234528999,0.4141584703048356,-1.0254303476248827
1164,1.5822433770993107,0.8951616399412572,-0.7488723072201131
7,3.6059180851042187,0.6383448290236147,-0.08945249048386926
1249,9.22452166786845,-2.9567069923822658,-0.7632310867392345
3126,-2.4848484103802932,-0.0495550040120432,-0.3087425240752819
1735,-3.816719906456827,-0.7704963598215568,0.6924607764127229
3266,-3.7679842207860785,0.2117964684660874,-0.7632923456491608
1206,6.475603516732276,-0.5455435989851112,1.6958973013526017
3878,4.603299139366266,0.40856188272944083,0.2783561247083916
1065,-3.9978140396690227,-0.06986395287131623,0.3521530986175197
3397,-5.1228742784856935,-0.8596553549779794,0.12789125880488406
963,-5.159063101882541,-3.2981017614984136,1.2005072825606846
3842,0.3107516473741222,-0.9025052345767592,-0.9263596109731378
270,7.34493515468802,-1.2954820172303845,1.002691289118002
2914,0.5770990232471966,1.0215021164296643,0.22857081393028794
2142,-3.1681208585719904,-0.5246316994942736,-0.19483088704716642
2542,5.065822727651279,-0.23620893970369947,0.6987109805985874
3817,1.601954139717737,1.2470660657216779,-0.7756093813919847
3176,-3.493421591661911,-1.3707071018184716,0.5127652356463387
2366,3.5266385934251616,0.1648462540084736,1.209445945872267
1850,3.0439944742988247,1.1385125091336998,-1.3368270030754823
3782,-0.3132096736490365,1.4225816097779347,0.5986305861170198
2561,-3.873234382232018,-0.7423648897353867,0.0967050012237398
129,0.45687805812994425,1.6602991839463257,0.7569904983372705
1240,-4.280384088687143,-0.8873531392754057,-0.6125928176410536
998,0.20734441358395508,0.2565791571308681,1.3045761447975157
1550,-3.8806287841599145,-1.9141853219479714,0.1256957603617975
914,-3.4546889868112243,0.4060604257177455,-0.3830982896050613
186,-3.8518611599215586,-0.5591353937684699,-0.15917163723375505
1288,-3.265562345864424,-0.11292921944113782,0.1104843335171751
2267,-3.7742505222423035,0.06867375236484398,0.4138865655733315
2183,4.668543706093151,0.35961013747692266,-2.024349615012902
1397,-0.5469992104911584,0.836839134125693,-0.6339308741052516
3193,7.7913902390173595,-0.8870527383478867,3.2921341494103165
1920,4.585796138326578,-0.6706179017059335,1.011507921958088
3567,0.46140471238887204,1.03501985658639,0.14656138449449296
1085,3.4187163024851497,0.23569105096579868,-0.8772325700895265
2139,0.3559566068720489,0.5793021959592467,0.4930142172329082
670,5.923223131306796,0.14407584535836354,-0.9613258795371457
1892,2.5472101849598645,1.4928684397663323,0.08186292547192309
2242,0.46568046660299667,1.2025736304267678,-0.06117033324954835
1773,2.6290016382314563,0.2142183025479804,-0.4644730990165392
2500,-5.0178514620013575,0.3351303538825217,0.3058754457744196
2648,3.5460061978981594,0.4001591937376464,1.8382222422288528
212,-3.4836383921876806,0.32283024374929287,-0.0272457548827812
2151,4.425388949926769,-0.745264794375347,-1.0472043426185234
69,-2.8875154069183337,-0.18908891333071073,-0.9853716328316545
2210,7.943404100225023,-0.002787463221032988,-0.41288190091425314
59,-0.7491620002309619,0.5445934874455963,0.3374826443798998
1859,-3.8210469207465803,0.6152774484317148,-0.36362762360696127
2491,1.5240050703105121,0.5447492475772495,-0.5325579615379139
3432,1.0278518434681154,0.8146968072859897,0.3188090585539999
1538,-0.031168323100357963,-0.10418891668019707,0.2614149967646552
1962,-5.070824969407431,-0.7837258803636228,0.12944381532805985
1513,1.308477584386113,-0.6690120850611798,1.828898090844314
2168,-3.393685897176421,-0.8607563023911523,-0.41312016705027527
3658,0.53829884535586,1.3032835149423143,-0.562925929104181
567,2.679168924092828,-0.7774459862417327,0.343239652776146
809,0.7179600669921125,1.078875317013601,-0.49117832037437875
3214,-0.5317586161777579,1.530010744577251,0.3378412439505778
1975,-0.46856301464345135,0.8136971684930243,-0.9509637458183687
2647,-3.2314369875595292,-0.5978802910408126,-0.4111291357733328
3142,-3.981468264706203,-1.1141515393406882,0.004313798322867071
3535,-0.168912704219034,-0.7705606828324304,0.1385616573312345
2577,7.820012441381983,-0.3888883571463482,-2.9954938909732842
3351,-1.1102404932892564,1.2716709265422534,0.4628951704557531
2906,0.5195515729229582,-1.3845523262725943,0.3489281646135123
3316,-3.1632043118425885,0.15326100924101002,-0.3983106665845791
744,-0.0906057501987622,0.8785292668631819,-0.4072592036296649
1996,4.656625244340868,0.32581496393939874,1.305376404202711
1925,-3.832286550258537,-1.4315134750032912,0.34612884490465845
985,0.6660867547838116,1.3838999657527915,0.8222839188202006
3118,-3.182091345123708,-0.17610896113712549,-0.7854254769162006
977,3.8299859363899236,0.6476538257628089,-1.5275714020783682
3664,2.7506561134811838,-1.4408645497063537,1.367232536305861
1043,0.8099217904895184,1.2098934720256278,0.3123101710518948
3797,-0.46713271369130643,0.7873733300042689,0.639316916796812
1173,6.110147266537595,-0.1062876819302636,-0.6122844466976259
983,-0.4741126132164468,0.03656841339181718,0.968283064582254
2838,7.715142901031178,-0.5150726658164072,1.2907948172921704
2401,1.341625159835552,-0.13980292393958557,0.6988295332896055
3740,-3.3192870708168183,0.24173318405476152,0.6757854529180846
1196,-1.0100528810682716,1.7385321187209712,1.061259015887217
3869,-3.930522066492033,0.1105934765852857,-0.5636898641023743
2095,-2.4919333070929084,-1.3318879298518285,-0.4031330726997601
1058,1.1921363978700816,1.151649247195791,-0.4359657111864222
941,-3.224877739726177,0.07153970838767626,-0.30542883584644553
1926,1.1421065273074713,-0.2084531819536317,-0.16538576388328854
503,-2.758014395094551,-0.42115477669559404,-1.0429167642759718
1191,8.30855372146862,-0.7407576665413956,1.4285031254812952
3772,1.1149386578129625,-0.7105666472872196,-0.9260958942253339
3041,-0.49595329154443496,1.6618432133357948,-0.9531825175346004
3665,1.369931610364996,0.22064497906615482,-0.38297481874811584
3464,-1.8766272327287152,-1.6287380475414075,-0.6354870088495984
2888,0.524181220854205,1.3975886998392524,-1.166026093964134
1199,0.13990121827946864,1.1282856133550172,-0.149690870360457
3102,4.0158219795708705,0.5413620303755575,1.7685596990769017
3089,-3.123634992311978,0.37348090660826705,0.7283199606330184
240,5.221831638362444,0.2448289778358749,1.3512782977809015
1866,2.67193181007572,-0.08792539589819831,1.1389840727829441
2328,4.505868613436897,0.6985039349714953,0.9522890414667567
2087,0.4744544879132267,1.3704095736171347,0.27585734481535196
1754,1.369949277346013,0.38894492207553977,1.6338685583790258
687,5.493140831671824,0.21007119017291506,-0.5828024330873175
2990,2.6033201116381193,-0.9159364324020903,-0.9541578767390421
1722,-3.6653278620290437,-0.5243131298756364,-1.1037241471141104
2608,-4.004574194554702,-0.614560133949546,-0.41939039596225314
3103,-6.014725857252073,-0.8581925246860257,0.656836223249986
1680,0.2271535343660916,-0.373482447136998,-0.15424931741308984
1510,6.084485904576506,0.5401479834265577,-1.6928344879380572
1786,-3.0267915135451853,0.26863054486248905,0.0469721221687309
3731,-3.2791321072602653,-1.2661460676772172,-0.3811186943385624
3693,-1.1522590094901202,-0.35226297979073296,-0.9693216042569166
2830,-3.252099841003836,0.3814735458701486,-0.6791884571469219
1840,-3.7431876444038465,0.13955620148229383,0.5133398918392321
237,5.144084350352188,-1.612123082094164,-2.125513239574137
2891,4.498845701190807,1.142397369178488,3.015029709225755
3696,-2.1389615446788732,-0.18336674211930545,-0.23140002992882686
2745,1.5308395530417345,0.3034009995625041,-0.9060121236937256
137,5.510267374594963,0.5679393446470464,-0.04657366527857884
2688,0.6015592697841562,0.9913440313626934,-0.931820202698559
1618,0.3456944020163103,-0.355273767179042,-0.2763188789039104
1718,-3.675820024560107,0.5449481337104816,-0.3481642131719246
2591,6.023867462702925,0.11966916742609053,-1.3660223134037643
2856,1.0915270005745743,-0.836799503809382,-1.4358890626415222
1074,-3.762531133864323,0.3503306188571995,0.5896189164009146
487,-1.5894148427554697,-0.30155285669048043,0.8676252885969258
1295,0.45032190531720956,1.3172940662759838,0.5375744656401077
1811,0.022625134556658006,1.056959848112404,-0.9636060069618199
3863,0.3968045909456526,0.2258560598972752,-1.1951884862632232
1300,4.502605542952847,-3.6285142651104474,1.331723588284324
3525,-4.021923903751483,-0.06354573459174934,0.13712818772757318
2850,1.5705638330319114,1.6358495216878697,1.0508019901419092
970,-0.6430729917861087,-1.6841982721830526,0.2903994191768846
1617,0.5894221457889419,0.8520552058885127,0.42364337660104134
2704,-4.326860210961779,0.7703737927991957,-0.34485088532973757
3532,2.8784322150298265,-1.098784752093314,-0.41888120216201935
608,-2.827382966607692,0.24566310454172827,1.0170462494479053
1314,-1.0529314319327274,-0.12425410658179208,0.18859046544228533
2240,1.260496617964887,1.1047972610706533,0.048022328592189883
557,2.687039007899696,0.45941533161013376,-0.6658033533395491
3705,-0.7444679737189333,0.45264499714376344,-0.23308362502179344
3127,-4.348566830100133,-0.08843370167796596,-0.488421595315049
2092,-3.0507555130419712,0.36248985951073165,-0.08109061864259375
3937,-3.3634958721373263,-0.5835379062334315,-0.04283669818787045
1243,4.392274389250278,0.709688806305723,-0.29766759450889024
1934,-3.4432884439855593,0.4600545892328414,-0.46217792806094765
3331,-0.23593423839657124,-0.4996711243330167,1.1618367230220517
1052,-2.6423898234441783,-0.7034698879414042,-0.48231811118512474
2835,-4.078169968855208,0.010556049343717613,0.14710772647221573
1372,-3.1574590860963685,0.2633188388914985,-0.24379098547451084
954,-3.7157849528320672,-0.570969192036789,0.38498240416147733
2837,4.341064229702588,0.7095543111334662,0.9424019480339773
2552,-3.692309236381837,-1.8532724357377208,-0.17320516493087354
2301,-0.8556368704451597,1.8081498040539643,0.3280346802561064
822,2.8807132234472457,1.346534364513223,-2.401330333272551
1466,4.669681826217641,0.30232537681308624,1.7478524969662328
3199,-4.487886142475833,-0.028918263954815247,0.8362486879476219
164,0.05118290783423145,1.7278044520203122,1.577383156178992
904,-4.725464729567671,0.8776467924291256,0.7494801515935776
3196,-3.39068803596251,-0.04370744668799689,-0.713366389754843
1953,3.5042168289178295,0.9390448527764014,-0.8562542887663149
418,1.2989535281777405,0.7401649171883488,-1.512610219613033
2283,0.24441388843935102,1.3355744338144087,0.7365311606567612
1254,-2.9793844103672886,-1.0352831197086607,-0.04161278340192717
2733,-0.5037524390667194,0.8660072505261376,0.33317702687812784
3425,3.8034249711168227,-2.298455376443958,1.6753305074804872
832,-3.944549265193276,0.5390011578601541,0.192886626333369
1138,1.1574786983754801,0.8547779433469664,1.6527856682945639
555,0.3611140496364534,-4.436025419298749,-0.5526370225352559
2002,2.7717346662494786,0.9121962703679043,-0.22610979454961191
2739,-0.4802071376877963,1.7649479219676032,-0.09916224340754835
3638,4.012779356940744,-2.1018032499410273,0.3110864372987493
267,5.1261692913576775,-0.24865908361909317,-0.11228924152574461
1010,-3.54420810790823,-0.19759517349555536,1.315319941124142
2184,4.568306640477118,0.593767741066443,2.4481919809920525
2199,-5.584181097395236,-0.888818377297705,0.5954476892504132
453,3.2231089920746125,0.1457355862137708,0.5041303494668519
2065,2.827729778670941,0.512079367424753,-0.4963414569852235
2572,-4.29449587118049,-0.9457616623715763,-0.07247120767872867
3136,0.19294216148699686,1.074680658896844,-1.3822895110385969
1163,-0.6998736599897319,-0.8781234255557748,0.9739924993214584
3796,6.335144645042219,-2.0098589236987903,3.5763713157134935
1872,-4.15441528384784,0.5846796190373508,-0.417837087537126
2867,-2.834931694902728,0.25221318482049493,-0.14092560525059186
3344,-0.10692615562658328,1.2026471007427464,0.8960110379312449
2861,2.9204547423773315,1.3435387069003524,1.3271212560925116
1848,1.410923853779478,0.7300217333968427,0.09380967169394536
2365,-3.7933485810747083,0.08423524479576297,-0.48878301529660445
2683,1.023944853646559,0.06614311873804711,1.7005728808021112
576,1.9379245806581666,0.5568872932036174,0.3201320143066923
2377,3.478499498528069,1.2376718172673502,-0.35989074173367785
66,-4.66591314592778,0.7143702782721401,0.5182130371469144
2870,1.612882673328785,1.2934955715250238,-1.2130974401721446
872,-0.10925090635339291,0.8840494425614362,1.0058988899723231
2652,-3.4532787610968163,-0.3122267471174412,-0.3340378963131203
470,-0.09895172375932373,1.5458302881571184,-0.8587399187175948
3988,1.010246760499911,1.231485658545091,-2.807836616376398
3178,-3.065113366771343,-0.15709724424034288,-1.3269248591307574
2701,-1.0368007928751752,0.29840731625321676,-0.5074856770071232
995,6.9294847702671385,-0.10117413844135956,1.1841614838708918
2581,-3.2244773906663027,-0.6647731278969583,0.30709290604969147
281,-4.003520792709089,-0.3229330311676638,0.1272046909761396
163,6.538322195054231,-0.264177680012072,-1.2588246665512934
706,-4.091284416010747,-0.6293005853291129,-0.45436342746883107
3867,-4.568098573609671,0.6974559755516158,0.6357502715504679
1970,-1.5408450498216182,2.340201886507065,0.26626740164945345
1235,-3.437121605221143,-0.3557021222882218,-0.11313492563438284
2235,-4.075099507832454,-1.1062005101723464,0.15055205462839683
3910,-4.614958248456069,-0.09827752777168913,0.8115784706332394
374,3.3265120994400204,0.8481780852989086,-0.04451981720198047
2557,3.2036644115759527,0.894543984377965,-2.3735212287369944
3669,-2.9907745671083874,0.08224948909503665,0.048171729950134294
3243,-3.53665843836199,0.5268705954330825,0.4214711103282782
1974,4.857806619335149,-1.9325591113570013,-1.2606440130586551
493,0.46860607914648006,2.272150601294831,-0.901560821086486
652,4.20158421515574,-0.1655601402764803,-0.978983938783906
2980,4.7281640797949755,0.7331004283311457,1.7399649361755807
1893,6.895242201443248,-0.030254681140312174,-0.7046083655099346
1330,-0.9207485594097358,1.7557728245032853,-1.612174714041643
98,0.7120283316189051,0.037217726634361556,-1.5871164256770267
1895,1.089130292295205,-2.2440727117271764,1.1355248238512008
2075,4.222065139026071,-0.23380772822892829,1.1202904257828026
738,-2.0347424024189116,0.19390663790080104,-0.19042084587055427
2480,1.255605734679378,0.323437647031728,0.1456713778531309
3918,-3.513721802809847,-1.5039189993815305,-0.6695292647580776
2048,-4.527242460190259,0.8780688479250801,0.25377794607364423
745,3.4167197362307733,0.7608938159193092,0.5511750601739158
2181,-3.2308385332345644,-0.5252088152088944,-0.5049780844181381
2379,-3.6122284861058644,0.6298009134776072,-0.1691458833409817
2121,0.3430141906254951,0.567260802788243,0.3318705030764473
1290,-3.4550753464523147,-1.50869172968326,-0.11276286864648746
1587,-3.793115358026381,0.4901705029995209,-0.42748977695881224
3902,-3.8840263171505898,0.339283713917579,0.1489660516013223
810,4.452554897081639,-0.1703123868103522,1.4358412100392628
920,-0.11125523655949833,0.012447831499145896,-0.268560654416206
419,-4.346472316038137,-1.7841420426316819,-0.13035944400374994
2414,-3.5458910328472717,-0.7027895097315968,0.22830339625079968
780,-0.6076336863476843,1.6130481071472589,-0.8608618584387412
2797,-1.6500730750197763,-0.30828259149643794,0.4412938873628195
2130,-0.08895060491227468,1.496090730017265,0.39211300009571703
1931,-3.707570518544218,-0.20428028990184774,-0.4520172974319389
1619,-4.250611400829283,0.5964499611321249,-0.35461135756828055
1188,-4.247787169456171,0.715107427738789,-0.23495032370663865
1170,-4.275084940687125,0.2022234052319233,-0.18961295906264783
2228,3.050572617415434,1.027370842543151,4.770082786255739
1001,0.677298468547548,1.054587566005892,0.40766824591165096
464,0.39149348496618935,1.2472010612092796,-1.0542282113749792
1438,5.146757130674799,0.417447916747538,0.12963745567938315
1349,-3.578375925496898,0.37549009293118896,-0.02005709225084455
2021,9.708655179782113,-0.691412198246967,3.069107749451183
3367,1.2139320390739068,0.6823038424577803,-1.1201420679239136
2588,5.3296846418832375,0.11076728204010244,1.4322674856593405
1533,-0.9316991713239192,-0.15806902745488322,1.1356943311806875
3881,0.1757280509200622,-2.93615098638763,-0.15201460751408277
2498,-3.314709115702535,-0.18363713666010936,-0.504304880019187
3520,-4.163292471419723,-0.8797614040082598,0.663568512603887
1896,0.2583830712778796,0.7909369016882938,-0.1702648191289469
1246,-3.1083772916141554,-0.7606235013952212,-0.10288320916157956
612,-0.9326826642517009,1.1784700229751826,-1.2123476937895288
3882,7.5441383921881835,-2.174664354183059,-0.1324205441180364
231,-4.301432180782379,0.4861881786804227,0.7344930742304697
2549,-3.4056629066830295,-0.16721025454143396,-0.4811274920347143
1641,0.1499603156108454,0.1427592063525602,1.489840717403775
3766,3.7052318035688376,0.2869099317413028,0.3739612644115526
1496,-0.40112533212867685,1.1613828484322042,-0.8860638133068324
76,0.16082600843702657,0.6574275441503956,1.248152170664712
2758,4.27269285571558,-1.158126866975614,0.14666134576831877
1597,3.387142457838538,0.05968802890955473,1.8596369438991458
3210,-3.2529543506857,-1.2287683412113781,-0.09833458753263742
1439,-0.20502264616882143,1.1508272442954022,0.4145517418976562
1136,0.24635981699824241,1.1798203674129026,0.524645732566293
457,-3.3184349583205672,-0.3324332481081321,-1.5544281056486113
2236,-3.3081058633380764,0.07827272321346046,-0.6891594995903191
3068,4.506988364037722,0.27550913371159413,1.587868943191586
1078,4.93927133846177,0.4293194789912839,-0.8318063739857038
3452,0.11394601586698862,1.0042742655876733,1.3667512290494002
2334,-4.421909774491918,0.6069301495435776,-0.6159722818775792
1692,0.31626856174403956,1.0690061387895395,-0.18254767876641737
2967,-4.877828939027901,-3.127760244354623,0.5589518369136145
1912,2.3492539851824175,0.11561200810057665,1.7784815942387762
2834,0.4270852517813917,1.201262343910874,-1.8269141222148175
1454,4.485628295106751,0.43404267716300077,0.6388269908755744
2518,0.5905147003613327,1.4879914144327295,-0.12995686360847844
2062,-6.186800294638169,-2.8412721535353644,0.8880589741133016
514,6.674707258397501,-0.8108468229561833,-1.2238172676169778
367,5.980672009887491,0.013093848722594977,-0.6068155414788821
2304,-3.0662452333052403,-1.5335322415239743,-1.107484555446145
2512,3.951725104122313,-0.14901835453247447,-1.4393822619622412
253,-3.877454437235847,-0.44040441169356426,-0.06338115610195767
770,0.7332075729447587,1.0111694419692268,-0.8091496014001209
926,-0.1278253194674919,1.4955716578420752,0.612098357331135
63,4.803225394613351,-1.1978800161378511,-0.5815450725558255
631,1.160806240218992,0.8774026407372466,-1.255132475995969
2436,-4.069882236532624,0.37436452325455505,0.2872639348518193
1713,-5.075693529417871,-1.6536473190348921,-0.6483487521874898
1357,-3.561535507289107,0.5903329695904008,0.6000484233301027
1835,3.482233601817894,0.8211053956510794,-1.1967008206461616
2243,3.048206285716036,0.6101469257833078,0.769267488016468
3592,1.709645774994959,1.1998626655822524,-0.806521344486046
2154,1.8488398109518531,-2.4677940687595217,2.6179973251830853
1436,-1.249495228099572,1.7285481008067578,1.005635614824549
2102,-3.6206871856550897,0.4466414699448465,-0.9447792373251921
2094,-3.1238439395015525,-0.8670972887060416,-0.8156458714591158
1285,2.0730681009907306,0.03359525736713998,0.411307736190281
203,-3.0770908430531776,-0.04135873328992004,0.30625658019758123
122,-3.975975882076374,-0.7739317259867875,-0.370551235130076
571,-3.5278631472724973,0.4209051481042259,-0.08510551948056853
644,-0.8452503771502834,1.8421576556302772,-1.0951172504665077
2020,-3.2283576833439014,0.6192803696681943,0.11993154801738985
1306,1.5738150950837595,-0.48856080869147617,0.3615804701903715
3795,6.866116536158256,-0.358076771117166,-1.6603017633949768
2251,3.749678548846004,-1.1947687193309875,0.15368221969986662
81,-2.626657261517761,-0.1524344437779369,-0.5331248338166438
2983,2.030217167607268,0.6499054059049881,2.006036094524773
1318,-0.7218433860992987,-0.019774750991297278,0.8060511218057
2369,10.059658212107989,-1.075939460339979,1.0862117001970275
2734,0.8693033389214752,-0.9088706390846412,1.0616785418110684
3040,6.856330822902608,-0.8970588308555468,0.7110723013092071
145,-1.1766673075420055,1.4287651207306515,0.35663782751461626
3008,-5.241945265067818,-3.492151915149051,0.5266336793686681
3134,0.3076994943906708,1.6878235025564383,0.41219588168944
2017,-3.659257432813949,0.13105517574821568,0.4136275431230781
3412,-0.34362735200559,-1.4822262264610406,0.17080790759636022
2963,6.752580222225352,0.2965814128304821,-0.4846367536942895
3484,-3.3893547664860333,0.3501319106318382,-0.9123010375584972
700,3.361818542962348,0.8152670423206877,1.2139857322474767
3032,-4.067577822411751,0.933585433878196,0.13098442620253262
1599,-4.800943847281087,-2.5164564376707985,-0.822734933375332
3302,1.5358995421603432,0.7735702656785074,1.2531677225613538
405,6.065193654247927,-3.25630703185534,-1.3591145684445176
3209,1.5826581073327202,-1.0218528162060205,0.9764809748513189
414,5.546772963570228,-0.4458870176425831,0.7075268462459942
1037,-3.7319673112947784,-2.0321720191226387,0.4459534693821025
3183,5.383765304232917,0.40703567476655833,0.18466014378467463
2956,-3.079177806355689,-0.10132242733035332,-1.2334417003962477
2763,-4.539023460567515,-0.9817415974794806,-0.1607720546168313
2570,0.1802164422226727,0.6116293043460613,-0.29463118422742196
1709,-3.4933377899546665,-1.9689908786810695,0.4188202883184248
1542,4.140449984744892,0.33691859287567105,-0.9304690119044692
2137,-3.595087290026989,0.2634987229374142,-1.7846998161135854
3364,3.5928484026741825,-0.5734580165328221,1.1835524297391808
1512,0.9887296920944756,1.2664469140062946,0.2745142461973898
638,0.6300422297855486,1.0553914670450808,-1.7783252436408072
1726,3.1241221604925014,1.085021405910524,-0.982611835537645
1838,-0.11228521043282746,0.3129731449910402,-1.4442831878878593
1540,-4.406994529712785,0.27679428965052294,0.5533439137224021
3925,2.403663161153414,1.6801327129264434,1.6979984743212895
2821,-0.7628533039754893,0.7060971450242017,0.22704640288082092
1834,5.77975796209105,0.6864408036098133,1.0624272770212309
2293,-3.6029128959737244,0.42659487546631913,0.5457240452254067
3977,0.9006038889818526,0.6759336745044385,1.9560391592908284
348,-4.486988611964981,-0.028504042193316467,1.100253542806329
1097,1.196859942173352,-1.051155678052883,-0.3602840565496098
2259,-3.4826932016142393,-0.045308928110860326,0.832290011165339
761,-3.8224062215484373,0.2585231563560336,-0.6654092988178677
29,-2.9569293729188395,0.3261725321712914,-0.10607416199600408
1316,6.31851504905074,-1.3509041668342616,-1.3821164466282705
2530,4.684328777819093,0.880261523416386,-0.3790513565865443
1600,9.115315853976432,-0.6431247616273884,-0.020428909105860496
296,-3.5662753665570897,-0.5584128673583207,-0.20926387284881906
3512,-4.126055585730648,0.8100614767072223,0.14434117825921836
1497,-3.0013525730540787,-1.4689255276163424,-0.036267071202729415
3361,-3.327865995154614,0.34524389191923466,-0.60312476388134
110,-3.731235683793889,0.35459355584608293,-0.5389085057965772
2123,-0.20179131221211147,0.29786084806505814,-0.6952902378562101
2106,3.15736147991411,-0.18809014870986715,-0.45239068685426476
3245,-4.993996173202334,-1.4821868367209348,0.6577622599568634
3290,-4.158744991340973,0.5011885243464025,0.6626928979885145
1698,-3.285800218798217,0.3623598439964721,-0.5604428379939176
3629,-4.9673925905691885,-1.9109410995136331,0.5587676710717037
3889,0.5776918089500496,1.2092553235787313,0.9150070971282741
3573,-3.6942578397260255,0.6904606665989705,0.17952043725539044
1509,0.41860218106913305,-0.10403348566470585,0.6564508121023851
1359,-5.601304658025618,-0.3202614582797349,0.4428781533029436
1003,-3.4926397049667885,0.09741753951012264,0.19808433234081582
669,0.004958364936304358,0.4374894075259056,0.2649667497060322
3892,-3.5572343972602227,-1.8654597631145833,-0.6652714277171576
558,2.6645482731169823,1.448255832910044,0.6960923095256554
451,0.5725340511690635,1.612233534556216,0.3765431479843148
3107,-3.745107611630388,0.4169732209886829,-0.431094277876356
3448,-4.193719702598213,0.048835845941526485,0.3947602662194828
3610,-3.236010062799852,-3.328890366134221,-0.5825405288831449
2514,-5.152934036197252,-2.2814099427348014,-0.27376727841558873
3886,-4.300752597368985,0.5499914877550226,0.2854607048490469
1376,-3.2118666035458627,-0.3134091089818136,-0.37436309508128646
1653,-2.836565491995902,-0.01045900391297441,-0.8732749634442943
1456,-4.774823137305583,-0.5867629015943463,0.06560899993263776
1252,3.6863676714820524,-0.8906797541654998,-1.400676217708859
2749,1.0570360172804827,-0.5062974103599232,1.5709460034925642
1930,7.008560496956503,0.09027395198213312,-1.8674770150221103
1854,-2.9126548694699492,0.4462743843142096,-0.09238992060599542
220,5.161485848813875,-0.06821198600417634,0.3612512410987269
1900,-3.7083585681258997,-0.14380169228166592,-0.25196346730356267
709,-0.5708877283540409,1.0001560466644794,0.04316866004389666
1742,3.6628233919362687,0.9864444579650387,1.3875723400713875
3359,-3.5739508478246633,-0.5724315442277343,-0.37622130288568656
392,8.066669759522442,-1.2038237813092407,-2.7047791493213116
3833,5.399973026348718,0.9499265244677922,1.324537480599678
1107,1.0032151050918008,-0.32811403757841134,0.9721137547993692
3924,1.4605993679016613,0.6972095061868742,-0.20080151081908024
3226,-3.2925002842126427,-0.9486994812806154,-0.7586920089926116
485,-4.745804035470854,0.31455597499758636,0.34412216733014994
2376,9.232626341447295,-0.6777290380023854,2.914056962017542
2477,6.079152655146901,0.5181170221148997,1.2437887978936268
448,-3.048550594238398,0.042415513367441295,-0.6371453907402849
2306,1.4319872283095356,0.28102085572610136,-0.24407804543875006
1315,0.5925597812948593,1.2351938486142182,-0.4516777051154732
3437,-3.729346476284373,-0.7562109554265979,0.2767718622031975
241,-2.9382482250298017,-0.4374268980644553,0.5801999466106859
1398,3.156041021773929,0.6020208960724679,1.333226901189804
1156,6.1265821348589675,0.1126306886671045,1.8790034707425651
3874,-3.5030707615791674,0.18801640275069487,-0.14526886200730335
1077,-3.0415739419215626,0.25510270692427184,-0.8114571259147996
1440,-3.979121318359535,-1.0736349352262389,1.0877666190513098
3746,-0.23387823877092137,1.2993079259159641,0.13462972991363273
537,-3.9381100341298625,0.46137550526559884,0.045856230753688165
2292,1.4815079716898443,-0.5654479615595692,-1.8860109500416962
136,0.8045824823311971,1.2924990856133367,1.5930757975211336
2757,-2.306700994235607,0.12714886713037465,0.3615302346664541
1202,-4.648646246957368,-0.1376470584016331,0.546712010063611
2804,-4.300789732402227,-0.3277838942858746,0.02704932311550177
992,7.1173173347831336,0.17221244187609708,-0.12852284621895554
2615,-2.5451342917816158,-0.613419331152157,-0.4365647102976564
2827,1.1409800081285708,1.3212324218692826,1.0540528135784701
691,1.5140859971145164,1.7356012996713754,-0.9346906681573254
2134,0.00016300334134005613,-0.398812959807675,0.9940644381465024
3441,3.3555210240161903,0.42999266613956144,-0.5764627087424439
3383,-3.371245991976111,0.4475951732152194,-0.7891269772228656
71,-3.9715949216006368,0.7639435047344747,-0.37201900617297284
2690,7.418362319679213,-0.19978089282631256,2.0163494274741502
2578,2.4563782721529193,-0.21137960208975254,0.8527841299040194
3957,-3.4418670761609795,0.6150740660891083,0.40476418906341183
2620,-3.8651716719942244,0.3405403705090572,-0.4829310115358626
3087,2.1775252693824543,0.7605801126975935,0.8585949887923037
1472,1.1671658910828786,1.3839170986349767,0.1273413837692565
531,-4.407483763324776,0.43721306718610836,1.0301776956219124
2948,2.5056351145271734,-0.7533426969495213,1.7010537562978734
2670,7.74019888920399,-0.30201902310453155,-1.3074480819516727
2632,1.4969119186562554,0.22734165455638877,-0.6863230907368768
2010,-2.187437167711019,-0.33024966173819104,-0.2974813399372366
2348,-3.0004375629634037,-0.761280169489773,-1.1193117177662266
2118,-3.6379549525508463,0.5958223458196894,0.7534116347673733
2350,-2.359441250935299,-0.45920853950924617,-1.2164509888774038
449,-4.425630527523068,0.5212952400641505,0.021474343032013933
3843,3.6270392293371168,1.3129407383768872,0.1704867229911515
2146,3.7043079531984575,-1.4137266399986903,0.6451651125139702
2410,-0.18052920998988692,1.7812595864166842,0.4304760507619448
3286,7.230581769335697,-0.5827004209970734,-0.28521957494606215
290,6.9300701899443595,-2.433734644013004,-1.153123719066421
1253,1.1216623311142935,-0.5784205805764373,-0.29257406306016803
2719,3.346493876248589,0.658258857412892,0.27476086097243024
2918,-3.549672799147066,0.5707277056085228,0.4121715881178023
1040,-3.2167808182760287,-0.35619582929599564,-0.2863267023460562
2977,0.36671029608385824,0.38498453909053193,0.43988819589129946
1665,-3.7017734455369133,-0.4748670820819401,-0.398494266221263
2100,-3.358734347860764,-0.024811951015511004,-0.5824535594635614
3154,-2.898856706337925,0.34296508016896105,-0.6359932414586297
766,-4.090063459558388,0.4266755532177645,0.08234372210831659
1613,4.887901346979873,-2.8429489309940883,0.12058929355959119
1133,8.219125688892083,-0.2864590497616006,1.5316346268559708
2229,-3.099092532495887,0.13709242972582664,-0.6162217170418586
1924,-3.894036825277976,0.5262689320449851,0.9091645934413294
3660,4.787599282143709,0.07683287963215414,0.39031677760688926
3335,-3.4278780908519346,0.3660619608966654,-0.07608535746390445
2509,2.9822896902290763,-0.9969579549835693,-0.9697091006923527
774,1.6061921777338448,0.9446800343940123,0.038204090712479995
989,-2.9309617423679937,-0.0825280019028707,-0.2661566331370353
83,3.7597455755076066,-0.6159526021203257,-0.03837516502432716
833,-3.9679307402320867,0.6704592831258004,0.10694994037806944
3170,0.19125949991147792,-1.0750310279450876,-1.0310644059496485
1055,-3.4464061119243614,0.10753058717613741,-0.7774061413122887
3033,-4.404693835100172,-0.12893258751305725,0.07869936279981282
945,8.217240514097595,-0.36437865794619045,-0.5547091761606934
758,8.559613355125883,-1.566227325549256,-0.5712925498157573
10,2.4887593288363834,0.847252434499801,-0.15151915114000084
1978,1.2800072851117594,1.1983108431097962,-1.5313896427909657
211,0.9117128542709824,0.6421603798383358,-2.3622778537342706
1581,-0.26318041443235823,0.9988685135098613,1.1119249917183318
2815,-4.677113427730949,0.2465844397770558,1.3939489318757239
422,-5.025066049584257,-0.9909674842380283,0.43456668260667264
2400,-3.0311986958520794,-0.5497895358632734,-0.6866181243205455
1759,-4.114795591024626,0.0074682238426162775,0.2167675879885935
1798,4.3441504730205915,-0.609261849639796,0.9713910696514126
2415,-3.0096291807571194,-0.23535104467008497,-0.05157846572317384
2740,-4.360021197607232,0.8923226141626451,0.6495198906280304
2621,-4.312786579600607,-0.7699741588132866,0.1588219243694225
2381,1.6974844949432248,1.9785115598729477,2.352126795461789
3855,4.173426425494847,0.20797219479504037,0.6703437089631886
1480,9.31757127364622,-1.3144725452097235,-0.6540906545914497
3232,-2.3768448935919584,-0.187293942909749,0.10640852759975417
3353,0.2619691373499249,1.3816456598183207,-2.236037088470751
323,-0.789094050461602,0.11085779855408494,0.4229182945725768
2720,0.821692524869336,0.8846472582264644,-1.033292369889078
53,1.0396055520614311,0.6892545907754025,0.44960960310274317
87,2.8251107320452356,0.9497647338617794,-0.6469450445811568
732,-3.728532943389546,-2.517481451344814,0.5666867181319
3181,5.38543194222556,-2.092570575693696,-2.13729609264047
2471,3.948625305334742,-0.27314753307238526,-0.7166471961324035
799,-2.712843449217741,0.26377427329127556,0.7807707576460239
2880,8.268101127292443,-1.016166131793818,-2.4518059734327746
1616,-3.3946761594428243,0.29016830788199555,1.172471759078931
1531,0.5829405626231244,0.07840584929130585,-0.9405184109679913
962,1.872249080003308,0.015677765445538724,-0.34660439455022
2999,-3.420147989270703,0.5134088976828164,0.3505006678364924
3325,4.868580675561928,-0.4829964195387292,0.23150792287398866
3757,-1.5038927568159854,2.1405129309064135,-0.891880875499617
957,0.39616994995673305,1.0801543730190355,-0.04438512880305577
2282,5.7007593415626125,-0.9511049253858738,-1.6089287856928516
1125,-0.0568150782592744,0.2930775860076867,0.6908683974912266
2994,4.410716138912206,0.7614868844191436,-1.0161192778258243
3296,-4.0514477979011385,0.6686124941499384,0.41301190250877035
297,-3.729023748910148,-0.09085593337289515,-1.1104545188838975
2319,2.937615248013516,-0.5325967333331839,-0.47098602790801175
454,-6.541729485775758,-0.5505266465846632,0.44171539211923333
702,3.135436347463635,0.44247328586110546,-1.8780005755707205
1579,0.5593331116988101,-0.36620810961077493,0.9302699335847913
2792,-4.903134905884144,0.35033433572850964,-1.2931672540785628
3821,0.31826556061251365,1.5164750820757207,-1.188257316210209
1636,-0.5688068565063988,0.4162129731329899,-0.202683767014135
2746,4.903896521539374,-0.27033268602060734,0.04940132788766638
2258,-0.6296871060780246,1.342893257758774,0.07409494579805949
2314,-4.918769259711821,-1.1980921995099933,1.020199427389653
742,-3.6656689766655295,0.18632854744461164,-0.7256213705608463
752,0.7966771536288225,0.9418544784498459,-0.5944506598358473
3173,6.3572377085415175,0.03640759078320527,2.136134997484314
3541,0.43169483791935187,1.3858326167610973,1.131328188187183
1494,-4.0570843425337735,-2.0119176534125884,-0.15779320481072362
3346,7.747489813806272,-0.691520853049949,3.0443227187727557
38,-2.072753148770631,-1.629702038820658,-0.21197939778705086
1302,-0.8445343952720067,-1.1378958785787066,-0.6746185172255662
3285,0.027636658589038857,1.285687537937521,-0.48650291880415364
223,-3.3908222792925002,-0.19353729771107053,-0.8233088207012809
850,1.382021281781084,-0.20857606370313458,-0.47758923299706585
3279,-3.2427227348290493,-0.14272434586540317,-1.5124557806864996
1201,-4.564439269732671,0.08285765079476089,0.7925571616515632
2458,3.454522702762386,-0.21262354951891332,-1.3656000389408272
3558,-2.926708720461981,-0.01699286724632574,-1.4936352071990073
884,2.136362058733619,0.7748213773077278,-0.8324753725486579
3047,0.3663858760634827,1.5933911312131934,0.25624221958722565
3467,-2.6376813498343825,0.13362304583671736,-1.5323752499735555
1820,6.423915787177301,-1.167361972023364,-2.0844297036846697
2073,-4.203838234582212,0.520574413045794,0.9686734472838971
753,-4.0198455745938455,0.7007369182860552,0.8641904621869835
2220,-0.6247449371517149,1.2241776110681273,-0.0816054949976605
347,-4.127227439608836,0.7717723810445769,0.3248855978964699
2907,-1.3899806857277173,2.3087235692062564,-1.4775847327720952
2824,-3.873304512900887,-0.021605099455820075,-0.3235743278951963
3790,-4.625091006185545,0.07442664832218422,0.35778329739764214
3621,-3.4905286271571274,0.31897540485720316,-0.392526857728515
2363,-3.3382335223749484,0.2634179060622505,-0.29267525470702205
2895,0.21298753947270704,1.3186785672021102,0.4472872034708813
2025,4.371148804369273,0.39395025948503515,-0.06778268808060894
3927,0.5072945961305526,1.6722600859111019,1.961428610048363
1495,-4.0776494659677285,-0.9821978318131062,0.6701912643656963
2432,-4.680708711596622,-0.31342597154248575,0.5516780092225921
3083,0.5593124667569173,0.8341525775200508,-0.8203746008010452
2556,0.7577669593177083,-0.42971194412922253,0.780311442620358
3246,-4.697231035214823,0.9530658812897562,0.426470527097486
3451,1.0898727731350264,0.8921685321363347,-0.33556622469064845
2789,1.037699295938393,0.9214598460957828,-0.4048084383648867
1250,4.243861338072722,0.2677785758243001,0.5781396933250948
1161,-1.2067811428179915,-0.8018795833146138,0.5691987346691908
1944,2.2296732884175765,-0.9573558429708201,0.6870315330931309
139,-0.4450339585733575,1.2328907256585817,0.5092434465168972
452,-4.124503557016732,0.549293960468439,-0.26762697462247387
1569,4.3871198345874864,-1.026755835137722,-0.47440552797375973
2088,-0.013715919982416398,0.14845275746726508,-0.5809424998858957
2869,6.948738501576384,0.16139027999936398,1.7182239491788955
759,0.6864678564844248,1.2811764005463215,-0.046468059612140816
2935,-4.298300063699398,-0.16131431334608248,0.1469202507910505
331,0.6446688369525302,-2.2052372488507457,0.9044844804012935
944,1.8137841998997541,-4.422162124856189,-0.7939538020452231
3975,-3.757659672047086,0.8259591857597274,1.4392909559005769
908,0.3307276997534602,0.16052693362907916,-2.136527697197815
3399,1.0812418245522335,1.0402055494575295,0.9767313821267217
1667,3.516237596413969,-0.8965958130960342,-0.6947263089894363
1493,-4.1632257460706805,-0.567515800229176,0.23017517122406486
3581,-4.240947280269775,-0.7245942273063699,-0.48546918957446983
3688,-4.817143865374171,-0.48071391996526597,0.5237563054297601
2801,-2.8847158808506426,-0.028639641095852104,-0.4488729745563434
1705,2.1819888821012134,1.530117572628386,-0.1540176410789724
3339,6.39925771336452,0.4575948247885146,1.2650252885934425
3779,3.7134746700952523,-1.0727066973117023,1.1064914574418838
1909,3.127798318270092,0.6112180703520959,-0.15039328147089348
2469,-3.874687300104913,0.20682609187202233,-0.717288367166979
3100,6.556047349300195,-2.1685107651124,2.02384918158114
2330,-3.6614393691929314,0.6988332263608867,-0.2952136429650692
2606,3.3564018607497714,-3.0905508259161296,-0.2640687905650902
3504,8.008648869933138,-1.8680375049705962,1.918485531936502
33,3.0872578312382615,0.6120009685816583,-0.30861888142027294
2016,0.584995905557831,0.10680578410395665,-0.13125508648622108
508,-3.467932923314891,-1.4886898192092994,-0.9901490429846582
1358,-0.8532812502379249,1.6437977390360032,0.13816532942357826
1009,0.547353228120615,1.2430898922249023,-0.507498187931373
257,-4.730131690558371,0.2893383412771692,0.8901564067175973
23,-3.318872496550308,0.37298406516621624,-1.594971717185334
2055,-4.100701939944388,-0.048020745037835405,0.5071460922906117
1720,0.0012742485970827855,1.7775379921080738,-0.863836306035657
2039,-4.094619947334042,-1.4119741815644617,-0.6909668969506977
2636,-4.479133491394855,0.2680235317697918,0.4389675519015068
1539,1.6366254636249082,0.9247389430705885,0.2682838121169028
2221,-1.9390226994130895,2.149227171738667,1.5119681738356325
2321,-0.20833508709647883,0.14816963611466666,-0.5643515786737268
812,-4.517586794636183,-1.5749503748225726,-0.45740750687571763
2332,-4.835640953615208,-1.7248807775006136,0.22982537730917893
3379,-5.068243510877273,0.03578080011108581,1.476081184503416
2579,-3.4703434232310557,0.4837309633307949,-0.5619706899585634
2460,2.905319172970744,0.37583368961092983,-1.1333466695311438
3675,-4.948254621805937,-1.0153501677974133,0.7280408288037283
3498,-3.975160224655541,-0.10306614710571184,0.6982047112057207
2539,-0.34688032851660316,1.5644088725795517,0.5805954921127574
2671,-5.3157689891932405,-1.41218890672474,0.25845344565039174
501,0.024543463772276407,1.5357539877049389,0.9987771936448033
3050,-3.0725112489221456,0.40604045880139944,-0.5472677694560234
3190,2.3426252408761994,0.9523319259686168,-0.20314357926874602
3449,-3.8021268508068444,0.14495959796288402,0.8077097207275685
1317,0.2530474279014799,1.5787725545165059,-0.5179661365562122
1602,-4.480209904584796,-1.8378693013166145,0.5248396940801883
3462,1.169621863308855,0.8080625942359095,0.010414314693257602
2964,0.6554680098023657,0.9034998826207813,0.1261623569432855
2849,2.7878050233110705,1.4930593454162762,0.7673587374984775
559,-4.647771486806401,-0.27235518415085036,0.5333822576557617
2031,-3.1826843946190313,-0.7343157844311987,-0.6223032930014674
3636,-3.6740930868729818,-0.22296859837973643,0.14227363615254965
3991,8.18366015641864,-0.5200366653944624,-0.46602178816428114
1080,0.6571687167403787,1.1207148793260007,0.753213433915217
155,6.074042293850255,0.3097064518738554,-0.7394809266240643
3929,-2.1930335847116678,-0.4149367496719185,-0.26529608828610113
1356,-3.3564873469309937,0.4428621483196792,-0.3279975090622117
1022,0.5412914089892819,0.2366586925565292,0.03747386681057925
2676,3.547882764844868,-0.03364247419488788,-0.021578837173162845
1781,-5.8114497237301705,-1.5784627940312308,0.39163532479585156
1189,2.5106680563063954,-0.3402215290257167,0.21295247406071088
78,-4.250049359558636,0.6377516264340497,0.6090271768710083
2056,0.6310263450862864,0.7985350424133886,0.9451161658015503
3992,0.017048432658726013,1.1645549272722395,-0.7367434378884449
1123,-3.7508641974804298,-0.017011197847935193,0.10657534355043256
3219,4.894731968076365,-0.4852101036381194,0.6237326621213052
861,9.807083004603845,-1.7126134419391312,-0.9756294317001964
3651,2.00376365164247,1.3563888408993818,-0.3446709928448382
1663,6.5130854156727995,-0.720734337677276,1.0540759709498264
2421,2.775245223977951,1.2471795276863549,-1.5708638839728122
2924,-4.038516002312393,-0.15840804214365742,-0.16066313138603514
3036,-2.5617679953659334,-0.08113470925757393,-0.33275120034040817
2273,2.970503427559133,0.49172212311896824,-1.7772444847154323
3697,-4.620487904032343,-0.14395653451558735,-0.6747220795035371
2817,-3.4784048944224706,-0.7137132614718316,-0.13246744722516737
3146,-4.492599473086672,0.5129098929207909,0.7924721544789779
2666,-4.169099427766622,-0.9749012468896777,0.9648158794765022
169,0.493873677444941,-0.46426693474504904,-1.7962292748227655
1817,4.9738940828435085,0.6264224243772045,2.216805323035833
1026,-3.775680110494534,-0.3959945980924563,0.20793842511375854
3730,0.9521950478738537,1.3498862936583376,0.12694924853530687
1559,-4.021121631694887,-0.16546406281924705,-0.7222590905591388
2503,4.860093519753339,0.75031891210926,0.3826380972334554
3743,4.949337529870084,0.22190504244369771,0.2525294772932747
183,3.349155707313567,0.7756715142582428,-0.23905034299738756
3837,2.3859150615605147,1.6471164063358883,-1.5066454776778322
1551,3.08741111058265,0.719752522185695,-2.11400585727327
3893,2.039680127642965,0.7375481011186089,-0.22898431900766655
266,-4.205319380386936,-0.3088333471988088,-0.20297041245394443
86,-3.5959568294791953,-0.0035822808590955657,-0.329561633032729
3856,-3.5227580388049793,0.09478434231248249,-1.1226652073697638
1143,-3.437070635601128,-0.00735434226025179,0.0939161104936431
304,-3.6692273398895607,0.045137554063701006,-0.22974645799521012
3676,4.595789244597841,-1.8198250256668438,0.34886246875446875
42,4.338202184295407,0.5061735970003377,0.07535454101124059
3908,3.1717947304643737,1.4874039673629558,2.5380783212921636
3454,0.47175566268130426,-0.8592924953598922,-1.6676460812629759
2167,-0.05509210993037936,1.68547672208295,1.1759014700836288
2158,-2.651653544143426,0.05716268310163891,-1.2124135628376502
1234,7.775118599579841,-1.1676215584043155,2.4579191700743968
1901,1.8753377480599263,-0.2968062993343681,-1.8292299680379647
961,9.021586016056068,-0.7629979205672495,1.0556297332572087
950,-3.471832296871833,-0.7765522711354632,-0.7612047794159593
2631,-4.024136959046501,-0.71166447322969,0.027762988279030797
3254,-3.9209716552176688,0.1853296716673886,-1.0798251478025664
2864,-2.897015079092558,-0.4488367369324947,-0.9638466427659156
2628,1.298687397412066,0.5159041402563576,1.081646100367747
2551,5.40142951377511,-0.6063247936850326,-0.17820080975669747
2953,-3.781535159837546,0.22158771924326573,0.2343673436950154
3601,1.3242796967669876,0.679674233239668,-0.7857688411150718
1929,-3.5118474953646155,0.5324557561408645,0.49536046697822533
2992,-4.052033433021685,0.7500547022093377,0.752762653502399
189,-2.9495754263184044,0.477152885704504,0.5608600275059219
1777,1.22792836236059,-0.34392936845768113,-0.20428678751842202
1511,1.7700590866043344,1.6873065256995348,0.902788319834367
179,7.435828445915911,-0.2962454095077953,0.5642319171543914
710,-4.048082141646518,-0.37441810900414674,-0.6148272015202506
2315,0.5351585817558216,0.8403920357085924,-0.7225021332808984
1245,-3.707613096119569,0.15729986010474634,-0.6991476984804739
1207,-4.551859039196478,-1.056204744677618,0.6004647162903293
907,4.328712235711781,0.8281416186179041,-0.16391055837767482
2595,2.6342381325963036,1.343301690218456,0.3830729692416333
3082,-4.832173885980946,0.02822335488501754,0.41929432829295493
1846,9.123650152245817,-1.1647941411086329,-0.9317473211710483
435,-4.283466531708867,-1.1039885985456632,-0.32438035091192463
2378,-4.20637127606173,-1.0775828371170038,-0.5110144615095663
3568,-3.2578149903037583,0.2843420712545298,-0.9205852647441789
2607,-4.135756129832255,0.5141518201740958,0.7340059391774667
481,-4.674025779996692,0.6028303713098383,0.5451330108908624
802,0.2272593122560979,0.4008553582023258,0.6086221349881987
3580,0.5086400014658705,1.5725806957483246,0.11266640114749829
1269,3.5903623640518343,1.0939164214428847,0.6705934321429249
2568,5.234862290501669,0.417853860208925,-0.2129527292445855
439,-3.9250707432917236,0.0639624534426347,0.711524997678291
236,1.6503475584024174,0.8641110154364956,-0.5681335024665917
2445,1.6381933540360434,0.993713224444173,-1.327856131954199
1175,6.099010109010376,0.2131283015806429,2.438190719435171
937,0.4900876274945365,1.3332953306419508,-0.2550907341065504
2875,-4.021998962868172,-1.0465119554661233,0.6523933100138409
1059,2.5880827356354854,1.5247678346866043,0.0820668170829417
2004,-3.5458306403667,0.5514022573319477,-0.33011681001718163
1406,-0.3228580962942247,0.2587168456858716,0.9112798657362836
3481,0.6150920344763809,0.5945756563967372,-1.0701405651450273
3729,-4.362544877326389,-0.07947451098885004,-0.0895268368254759
320,-3.816834567088653,0.4607142611410628,-0.36909324534691884
3848,-2.5815536567970416,-0.3545052830836922,-0.7551308487675328
2553,0.33535046335672997,0.3225968663378245,-0.5800254379326566
1535,-0.3882513710580715,1.6725611501267934,-0.8927137613217263
694,-3.9346770049590964,-0.49836404551653246,0.05520201516463426
2531,0.2567211285834404,-0.7021393258411672,0.9321767132274723
916,6.129576395610077,-0.149790053663794,-0.8901062611309463
3240,0.2856943552609218,-0.1026652016253749,-1.7939858477305826
1614,-3.7550295325027334,0.3935222599515652,0.5600156700391608
52,-4.777411912667817,0.8340886827010124,0.8251724094865233
1782,-5.315909430843837,0.3732806710219757,-0.6425327586625972
1955,5.197439440419729,-0.04250268690525357,-1.1786831453693198
2902,5.958004102336255,-2.3627082537093336,2.2263395220289777
15,-3.146613261432546,0.3867270784371224,1.0171738958230447
972,-0.5157053715908809,1.457068511443258,0.2362305605616468
3031,4.3998262594630235,0.42745867001066573,-0.459116909499566
2180,-4.656892693562785,-3.0950294282313253,1.0420953008227996
2959,-0.21364402137762592,0.9616837455714933,0.05957036178987627
2868,0.907883341850347,1.1933739604914577,1.1649352289693173
2201,-0.6076627587390593,-0.1271667493237968,-0.46493139976436243
427,7.034538529303515,-0.10917776460749833,0.14956601723584553
3584,-4.278788109489229,-0.204215444469991,-0.2845484269759887
2394,7.403780679371231,-2.3712148831352655,-1.170130464578105
513,2.613445928981259,0.6797279169617864,-0.24944578456573716
394,4.290856377904888,0.7269721840055223,0.6392956321150645
1070,-1.3890619420453079,1.748792794831623,-2.5640683598154994
3159,-0.002815725671122516,1.9014964372261676,1.6231306691726886
788,4.113906194660994,0.693874790530003,-0.5645727937101473
2677,-3.866757190604047,0.6949941223914454,0.03808121945673686
3648,2.4655699953475727,0.8360808733592546,-1.42534047985184
603,-0.5165032085453415,1.1981822325089055,0.2869209962697807
1275,-0.9896652170595645,1.7145770360866055,-0.23741858149643708
2006,-3.3351908724323645,0.019558289101510792,-0.8393124329105955
27,-3.4831015971561508,0.6417308474555485,-0.006874523496137279
2018,2.441183810531133,-1.942501308200732,0.1668889620280192
2454,1.9694984797548185,0.9737709905006855,0.6760971812737757
881,3.123623728927939,1.0088311176915739,-0.6558958709119559
3706,4.650316352238567,0.11288411259561204,-0.5178311174915834
3347,-2.693195878380015,0.17273983680530705,0.6982872608477069
955,-3.557370950179739,-0.42682348768284206,1.4808277897230504
1429,-0.25381434601982455,1.1196137685458616,1.43031603298323
109,-4.948254933264595,-3.9639342831738493,0.26074972149626935
646,0.031122235771221876,-1.695920977947547,-0.4435041871705971
364,-4.288455599939277,-1.1761308710756924,-0.5690029160741292
3945,-0.2527055168635443,1.7982317940453643,1.1738065941476623
1111,7.653779773853672,-0.8531142430090782,-0.6496164472187449
2681,-3.645045828502905,0.4837153255224603,-0.05692976730279345
2068,-3.9480991823554703,0.8449239619761639,0.7264998659747051
3255,-3.826511665761011,-2.039900626616184,-0.9373648502182567
3614,-3.898353782109127,-0.2780200108408224,0.8533041509627947
478,7.257623247028722,-0.3114703499367849,1.3790773770705798
2960,-4.736441590690337,-3.318861009799862,-0.10755358112506208
2612,4.071727450184566,0.8153987703770345,1.187673957902012
1042,-3.849032110787246,-0.4665749885835254,-0.36025388959994353
2488,-3.8649448499676353,0.18660432828557869,0.5457658147344872
3764,-3.1489403075129307,0.3545958406676206,1.1034633598596164
2487,-0.3248069884375408,1.0315913866967483,-0.7344021565496801
1098,-5.368252685767554,-2.0363371112346504,0.4806949667869904
640,6.4268285013366695,0.4357182557007399,-0.9364458912445305
1464,-1.0583900869941958,1.6974940020522307,-0.26398071310920596
1364,1.5797072481593568,1.2436248191607522,0.503026488967476
1989,0.36188902342055934,0.15074030299406935,0.26215606837263045
1013,7.181417278022737,-1.967494668152982,1.582025030969642
3742,-3.911072644917713,0.5309641173892489,-0.6414697528002168
925,1.967140332856032,0.7598822118446753,0.7899264956490861
3935,-3.3707656020227894,-1.72551462203966,-0.2796557604146611
207,-4.42325504474465,0.0659117866546372,1.1764175890814588
2367,6.883230333968941,-1.1654556505468008,0.9553745266597489
1146,3.3796916203323093,-1.4511661424233264,-0.1385170705173772
978,6.293600424687637,-0.5973980623700277,1.8862028491068539
79,4.5780876348604504,-0.6771219492555584,1.4822921932173347
771,1.1504144900446909,0.9674611402951822,0.9741309449525203
1874,7.402126559793367,-3.103035681258213,4.64033878019994
499,3.003363391153364,1.1934644360349402,-0.15375204041347024
1396,6.937642754397285,-1.0456307565081453,0.29709177311189394
3460,-4.42436462929766,0.43745599655098333,0.4512127035274423
104,-4.7353395744961215,-0.0776945165577159,1.1555353718275443
3839,-0.09428672200575569,1.376078794083329,-0.8294590103854926
1687,2.387097896180186,0.793328304851716,0.8579490467971769
1113,-4.463665705325112,-1.9569833673261308,1.0591403050263728
3187,3.98672953663086,-0.8862104178337851,-0.8873973963900493
1361,3.491846156529162,-0.7105569677080447,1.8683312961056056
1852,0.22654205898309784,1.1759050687509576,0.0017432023154736291
3482,4.035904586573456,-0.5254247755204232,0.11148390453489364
233,5.104937727701237,0.3899515870831246,-1.6728353429935723
2525,-4.014741018052506,0.11068530612321809,0.19897969933797915
3092,1.0867569027561426,1.3750811694355203,0.2897108666394129
2796,-3.724167851313204,0.39079864328419084,-0.4499901536783889
1764,1.590232721715309,0.90410622225673,-0.12590628264201797
1658,-3.4663649223551616,0.3925703309463437,-0.45149029430846677
2494,-5.521783046202932,0.04143174374784561,0.030532628304875964
35,-3.568934207742545,0.396079667831469,1.1231916925188516
3566,-0.5559186788962547,-0.3192636087914894,-0.14483925336372847
3288,-0.40761445709489713,1.7998567301193975,-1.410187760037284
3091,4.0214426266771115,0.19068032880131217,0.9880581421584441
3480,8.143739971048808,-1.43156789179856,1.1439079341450844
1635,0.2668897678677836,1.2597876976594582,-0.06237116328107332
396,-3.9179065364375023,-1.0736023407396398,0.17847580787263007
2922,3.8238594076504633,0.5205795876514806,-0.42203760690212816
3117,0.9596783635570385,0.6461960475144501,-0.28440475667568055
192,3.1006690897473113,-2.079250132082224,-0.21585728416439134
2691,2.162798759269263,-0.525868873298625,1.7194040576763858
3672,-3.746289105686783,-0.29231757608179193,-0.4125691478407976
3368,3.9108637922435934,0.12827451304857296,-0.1156024054247224
2119,0.512308375741432,0.43669271929213477,-1.2560788266293816
371,1.318521745866604,1.131962711762557,1.7403652157930756
1395,-3.9845664063768162,-1.521590901194511,0.4550477372252467
1969,-3.2682092045403497,-0.33415557858327033,-0.1467948518486324
1441,3.94297446507837,-0.07103122054630209,0.8003804216945068
147,8.125480765813524,-3.1006283126313647,-0.4066441846037196
2115,5.795907251269601,0.8831518140581449,0.5086987967007851
2111,-5.11206280430591,-2.092481451186643,0.42790442584973026
824,1.083822460496474,1.2898563039603907,0.11924838059897781
75,-3.6433321803415515,0.3934319753202575,-0.10208479072916242
1670,1.0140290390822386,1.315063361338298,2.214948039719107
3051,-4.600542302284558,-2.565502556519825,0.4851513017485822
1762,-3.450246053684302,0.4696417457740786,0.29880200526804956
480,-4.3293429747381795,-0.595938631206828,-0.11820161450991885
1071,-4.590260944230008,-0.11267277086603235,-0.6000883045251987
54,6.813041788691851,-1.9284900241612672,-0.3182661114121089
3084,-4.41226155396199,0.045084995683110696,0.13416444028054936
1076,-3.229668230663163,0.3993451262580927,-0.10794545136253042
3348,2.5575941592692044,0.45955257251978276,-2.0020679952864313
3901,0.6976784931465797,-0.7272501207293913,0.4787710129924129
3382,0.6070282672287343,1.3445548229336306,0.3288259996672133
1991,6.41702586913698,-1.0279685620434045,0.6881963581678036
750,-3.5519737832059213,-0.07513399966739391,-0.8222212997948387
1465,3.247758500186806,-0.6167691773106232,0.6110133256502973
2028,-2.817915732351729,-0.255293039711911,-1.5937900942506773
3101,-3.7741110576087546,0.09587918571623585,0.4902839255697116
31,5.049315019519689,0.8379787665068835,0.8688323061067444
3737,-0.05102644616686058,1.515896541690576,0.7382261837240469
1241,0.9765004851872409,1.1907374895659928,1.0546809873903364
2438,-3.410979695180375,0.11364732474000061,-0.2240488027767661
2160,-4.1127996327581196,0.726482468058015,-0.11966919723271424
1947,3.788230523803242,0.43842233066156655,-0.2447494971111837
3708,-3.9022047010257097,-0.9509700839068145,0.2334100748390001
2157,-4.6212346295119335,0.3212337968190045,-0.2834120678684666
2928,3.879814187784486,0.6836145452438714,0.12468880855376585
85,-3.3966866105450433,0.06635670839078599,-0.2746551173567319
1797,-3.7602530553212974,-0.7245333249930114,0.7329906109098218
2513,-3.8631055205020886,0.8243644531220488,0.35269762377820535
613,7.096613552686262,0.15128168208765555,-1.5902052296826543
459,4.716359536527382,-0.08937182921830548,0.20552000763495862
3019,0.7555235961162239,0.8413007814722948,1.0064215648330466
2071,-3.943490378933689,0.13589299404385183,-0.3599087948461564
3811,3.8538175327838613,0.9821435552062168,0.18083720642893433
2213,-3.0763133150362285,0.08138943398711206,-0.21079199987708774
1741,-4.790675511882628,-3.1550354495460255,0.5979431202936245
1589,-0.14339045443187984,1.6423652463898257,-1.1017498944328612
1630,-1.7829126432528408,-1.1730393571480404,-0.5421557873730786
1727,3.120115082218545,1.0670124696533674,0.7816187168510741
406,2.9451467074382767,0.9421836098253533,-2.120999578739678
3776,4.29848751968036,0.38866679984278035,-0.4180542370836676
3639,6.642385204113894,-1.2636604497819133,-0.20456089088167678
3686,6.064243468768341,0.41505438161844505,-2.037962522035826
3912,1.5031246409502905,0.6016611338696125,-0.8690722116388073
3180,-0.09807598479568515,-0.5354077846300186,0.7094447300115971
1176,0.48223220260157607,1.2688656170290395,-0.5810451268951538
1778,4.2483709060177945,0.8905592342956404,1.6307504417669818
2735,-3.7455121673121647,0.7169774152582482,-0.04518390859764853
3662,-4.215532046708887,-0.6797185584779865,-0.5932189877449703
3879,-2.807081152101829,0.018574004669742912,-0.280537219387775
813,-4.335803992329452,-0.806090599231899,-0.24423808802459132
609,1.3514144327052853,-0.0008787936319080446,-0.22818838583096088
2493,-3.624430400848909,0.4409121613414393,0.15487013636347186
689,4.640480146876587,0.835981253810007,2.2612103030314405
185,-0.2701832426621969,1.4179651010076517,-0.8704087679272693
162,0.8278403738448845,0.9423417742449393,-1.2327861989645652
2742,0.13555007966871288,1.21925360275921,1.1129618945658146
3440,-3.7866785321740974,-0.16987080732205065,0.05830908558980096
3851,-4.141419091769961,0.5955962151069584,0.12495359939613149
3362,0.17714334893784728,1.272571134273043,0.9333749767112824
860,-3.990197274318789,-0.31052890440718467,-0.12007542278291944
305,0.16995079893883502,1.4572948545941646,1.163493968587946
785,-3.8120120813781235,-1.857594074930211,-0.6405623764133773
3262,6.120850830796076,-0.22364732161398498,-0.7468440215632247
1755,4.469465384652027,0.35289284910484514,-0.049734646797434126
254,-3.1751575213398686,0.3749248668344134,-0.6630012002342256
2881,-0.20372949383570943,1.7186183317201285,-0.9113089684256335
1693,-4.2539133708619445,0.4681823135363023,-0.7283144070175416
2723,-0.6492813470203093,1.0922115460295834,-0.7190254616766365
1172,-0.7846418232777712,-0.22306101872401535,0.2278613949280168
462,6.6291511981353,-0.3013383937655741,1.2691024232617327
3976,-4.230996985240325,-1.0922775105247489,-0.19338533619779186
711,-4.12149540377896,0.7238193734222992,0.39799708750325324
3783,-4.7720236447053335,-1.0709121344332024,0.12187149250510412
3380,-3.6016387579128057,0.16754909453776048,0.44129682976408924
3622,4.813957055554259,0.43125794626206204,-0.6927816109803199
3666,2.519889685848809,1.3268015890250622,-0.38640180595061496
1434,-2.9533156456095484,-0.17904923214129742,0.17136685661048418
1841,4.157719168523789,0.833185210425254,-1.2185042038342235
423,-4.65669008546576,-0.49898419719312437,0.6434151489903696
1799,3.9154245174545426,0.7211200934415062,0.24683387717238975
2349,-3.7706220048929437,-1.5141273378542672,-0.8537672358994353
2778,-4.0068968585556926,0.07900012978273091,-0.12172236069052772
3014,-4.587682247240837,-3.119138275878569,-0.7223437738951107
1093,3.611256702732511,1.180804681830707,1.9019385169788057
1321,6.2430903667264666,-0.22050125402448223,-2.251663827044357
1546,-4.727384441964211,-0.557613836117243,-0.043144144780737824
793,-3.5000736112624646,-0.9786284707275823,-0.252982201174962
3825,4.386485106608202,0.5719139644269714,0.6549872890626048
2761,-0.21042263156386673,1.8229299015574802,1.7168308596573536
656,-0.022460746754162295,1.626479954976778,1.1493171289899848
2483,5.540480367387239,-0.6675783231228111,-2.5709441964836866
3551,3.6502918812212037,1.092429904641521,-1.08405110669938
946,0.5890791456673258,0.13346324627222003,-0.18139637089826946
3556,-2.928186848966415,-0.5325304234594254,-0.5209684198409066
3819,-0.18257681199169096,1.070573902768743,0.32888749363625547
2109,-3.237529905922126,-0.12196892836330238,0.259892406990871
1141,-4.056599023962507,-0.0611054625808238,0.7947553341185196
1036,-5.006459087142285,-1.795206196922625,0.6171429093178503
3410,-3.928146520830023,-2.1087620374506986,0.10681145419604669
12,0.5386575565945004,1.0204503644964236,0.1897577271316098
2351,-2.987146211430614,-0.8553033619138837,-1.0030282087681537
565,3.838024557695604,0.990088157684587,0.797728667770094
2710,-0.625171593253221,0.8922557549800056,-0.05101242299552036
3215,1.82244217535902,-1.1370663220207369,-1.8363331259518139
826,5.625616145777902,0.1127426131134013,-0.26582928178220677
1296,3.0301180451824674,-1.6018738821854892,-1.2937597056832562
3534,6.625065446951513,-2.7665438773309345,-1.6464380028132737
3785,-3.547832212729316,0.05912069521021036,-1.274110216649479
546,8.85990843079428,-1.9740508038129336,0.6087395200061483
2247,-4.271683018026054,0.5617294531875675,0.7655468136942636
525,-2.8011946530407057,-0.14172950300987608,-1.218149293413603
2200,4.989366010900719,-1.211148388033994,0.7334378230952426
2153,5.83324657954053,0.32756135514958684,0.5440413877517272
2786,-3.3339023146975126,0.4835948393844272,0.6750833011106062
3251,-0.8900230009323373,1.7854355066157155,-1.3449945029453307
2962,5.953644313934934,0.3047958956345146,-0.1141134899593396
2280,6.4769772739513565,-0.43929631485632653,0.6629129624235119
3553,7.8940081089928515,-1.2165086667379628,0.5562642291766814
160,3.958810327606598,0.29751589375315185,0.8713174263226019
165,1.8709420122027147,0.12977949868066097,-0.3577689201495614
3230,9.197906143088966,-1.2023528262930454,1.1304361642233447
3617,2.712183873484683,0.4481044709775247,-0.7200270901964532
467,-1.0168651283315584,0.612863433988329,-0.7803003172855982
74,-4.038344017886509,0.8937522461700789,0.17505770534703216
2231,-4.159954977040743,0.3766733506904423,0.7067874225894378
3495,-4.2380926448508935,-1.2341347054910536,-0.7674254144878314
2874,5.345336296296357,-0.7180747435103793,0.8879193927907489
1469,5.984322914161667,-0.28582031774786615,0.26761815098842334
2426,-4.286305394370245,0.8390251230153688,1.1344149656880853
3877,-3.1295362812525718,0.19245957321986568,0.08848518737557459
1922,-1.2064545062284069,-0.8490722090561452,-0.8259141299982572
1368,6.734481705070742,0.0414139840246257,-0.3231370121690645
3591,-0.6286199617264363,-0.50762850353034,1.8835302452113296
795,-3.8628105268270256,0.2597385547961651,0.004357871749083344
2535,-3.7207195244372473,-0.49992477836134463,-0.3672094443579432
2192,-4.374605386030943,-1.2211496966826738,-0.11312146080454684
3485,0.5087506426971158,1.422297260189465,-0.9608331094291098
936,-4.02158632199156,-0.5892605722021569,-0.05587027947983374
1379,-3.344122516201817,0.005257493587216303,-0.18551353662759226
1149,-3.0861760704132157,-0.5908015067586005,-1.2143654677396905
280,-3.665793682231983,-2.7469970673949575,0.0954682788461597
2189,0.93015789359857,0.5313156802456751,1.1704317029136777
132,1.1673053159521953,1.1537581122306153,1.5053277475104896
935,-2.978015597970678,-0.9503519198641117,0.7048354333066721
1374,3.5481853483234893,0.8482621645114522,2.798684654515797
3788,0.8792406966283047,0.8267511373634341,-1.8997932418029786
3057,-3.53158271337857,0.6465783817225002,0.767968816720831
113,-4.2338179085261,0.7998670666679804,0.36432785917707644
829,0.07429847117456509,0.48069463769456244,-0.5088117957206216
1950,1.2537355056201418,0.4574292441010222,0.5690453262069699
3872,4.270641859063824,0.420431648252706,-1.2759242339972996
1875,4.917804444918786,-0.6509568437547497,0.0986390674026832
3887,-3.878912058429852,-0.09162810441962936,-0.15979514992013485
2290,-3.279305403457137,-0.021544585063119747,-0.5763942005541751
1229,0.9366075063387438,1.614000781926751,1.2225904079944054
476,1.1717863709546774,1.1016230235293367,0.11842679072535954
2456,3.1256933163222054,1.4474960287649385,1.3743958821352078
3264,3.777443341709814,0.9541470063001553,0.7968439966898246
2699,-3.2097971027994174,0.3744242638227931,-0.6651141015950112
779,-3.143229814102502,0.22422837052123185,-0.6799696429570188
3510,-4.397960858752253,-1.5300214814216728,-0.4004862023901134
